age,name,birth_date,gender,state,city,country,salary
68,Martha,9.11.1956,Male,,New York City,USA,515517.0
31,Arthur,25.8.1993,Male,,New York City,USA,451111.0
34,Maria,14.11.1990,Female,,,USA,938593.0
65,George,9.11.1959,Female,,Chicago,USA,349014.0
56,Ashley,25.12.1968,Male,,Los Angeles,USA,203650.0
,Jacqueline,,Male,,,USA,35316.0
46,Madison,12.11.1978,Male,,Chicago,USA,334402.0
51,Jose,30.6.1973,Female,,,USA,982824.0
10,Harold,13.7.2014,Male,,,USA,764945.0
22,Austin,12.6.2002,,,Los Angeles,USA,380702.0
,Peter,,,,Chicago,USA,543155.0
,Eric,,Female,,New York City,USA,585651.0
72,Andrea,4.5.1952,Female,,Los Angeles,USA,278589.0
47,Vincent,16.1.1977,Female,,Chicago,USA,215672.0
51,Heather,30.5.1973,Male,,,USA,503136.0
33,Thomas,28.9.1991,,,,USA,607286.0
69,George,29.2.1955,Female,,Los Angeles,USA,54131.0
14,Margaret,19.10.2010,Male,,,USA,118767.0
65,Karen,22.3.1959,,,New York City,USA,536807.0
21,Brandon,,Female,,New York City,USA,927777.0
32,Gary,11.6.1992,Male,,Los Angeles,USA,799727.0
6,Abigail,8.8.2018,Female,,New York City,USA,103132.0
33,Diane,21.7.1991,Female,,Chicago,USA,
55,Jean,10.12.1969,Male,,,USA,155014.0
14,Christine,27.12.2010,Male,,Los Angeles,USA,849426.0
49,Alice,10.12.1975,Female,,Chicago,USA,425861.0
60,Paul,2.1.1964,,,,USA,945040.0
15,Eugene,3.8.2009,Female,,New York City,USA,412193.0
,Albert,,Female,,Chicago,USA,771999.0
15,Bryan,4.12.2009,,,,USA,752008.0
44,Thomas,,Male,,,USA,479319.0
,Donna,,Female,,,USA,418479.0
39,Stephanie,,Female,,New York City,USA,548900.0
8,Mark,,Male,,New York City,USA,804555.0
33,Eugene,,Female,,Los Angeles,USA,676366.0
33,Nicole,29.2.1991,,,Chicago,USA,955954.0
19,Shirley,7.1.2005,Female,,Los Angeles,USA,157152.0
49,Virginia,,,,New York City,USA,
33,Alice,4.4.1991,,,,USA,934787.0
36,Diane,25.10.1988,,,New York City,USA,884809.0
43,Austin,12.7.1981,Male,,Chicago,USA,808563.0
36,Julia,19.10.1988,Female,,Los Angeles,USA,
,Benjamin,,Male,,,USA,661056.0
7,George,11.10.2017,Female,,Chicago,USA,875917.0
45,Nicole,,Male,,New York City,USA,29357.0
46,Karen,15.6.1978,Male,,Chicago,USA,134310.0
65,Carolyn,10.1.1959,Male,,Chicago,USA,667482.0
33,Stephen,27.9.1991,,,,USA,100005.0
53,Joshua,13.6.1971,Female,,,USA,607209.0
62,Alexis,17.4.1962,Male,,,USA,519138.0
56,Peter,18.2.1968,Female,,,USA,54166.0
25,Joe,20.6.1999,Male,,Chicago,USA,145082.0
75,Jose,15.2.1949,Female,,Los Angeles,USA,899717.0
19,Walter,22.2.2005,Male,,Los Angeles,USA,928964.0
33,Timothy,13.11.1991,Male,,,USA,53465.0
10,Jennifer,4.8.2014,Male,,,USA,426353.0
60,Aaron,13.8.1964,Female,,Los Angeles,USA,
56,Tyler,27.12.1968,Male,,Chicago,USA,524975.0
33,Alexis,,Female,,New York City,USA,204460.0
60,Roy,,,,Los Angeles,USA,603082.0
64,Janet,17.6.1960,Female,,Los Angeles,USA,118040.0
45,Julia,25.8.1979,Male,,,USA,281407.0
67,Samuel,25.11.1957,Female,,,USA,367870.0
54,Olivia,12.12.1970,Male,,,USA,182740.0
53,Carolyn,18.10.1971,Female,,,USA,222551.0
45,Benjamin,6.3.1979,,,,USA,567594.0
70,Judy,29.9.1954,Male,,Los Angeles,USA,847844.0
42,Joshua,,Male,,Chicago,USA,895962.0
57,Keith,22.6.1967,Male,,New York City,USA,766770.0
,Jose,,,,Chicago,USA,785467.0
49,Walter,4.5.1975,Male,,New York City,USA,
62,Virginia,1.5.1962,Male,,,USA,977381.0
12,Jeremy,2.9.2012,,,New York City,USA,275539.0
41,Douglas,,Female,,New York City,USA,663681.0
45,Carol,,Female,,Chicago,USA,449841.0
48,Adam,9.11.1976,Male,,,USA,2784.0
60,Marilyn,,Female,,New York City,USA,713244.0
17,Edward,,Female,,New York City,USA,234553.0
57,Alice,4.10.1967,Female,,,USA,425841.0
72,Roger,,Male,,,USA,608914.0
28,Stephanie,17.9.1996,Male,,Chicago,USA,682625.0
55,Peter,21.6.1969,Male,,Los Angeles,USA,899184.0
24,Jean,10.6.2000,,,New York City,USA,382295.0
45,Jerry,8.11.1979,,,Los Angeles,USA,759626.0
17,Ronald,14.12.2007,Male,,,USA,868526.0
16,Matthew,22.1.2008,Male,,New York City,USA,87617.0
35,Maria,7.8.1989,,,New York City,USA,983269.0
65,Edward,23.4.1959,Female,,New York City,USA,148217.0
36,Teresa,27.1.1988,Male,,New York City,USA,779444.0
16,Michelle,29.1.2008,Female,,,USA,712516.0
36,Jose,29.3.1988,Male,,,USA,179660.0
,Stephanie,,Female,,Chicago,USA,336124.0
60,Gabriel,26.2.1964,Female,,,USA,553743.0
63,Amanda,,Male,,New York City,USA,49099.0
37,Peter,11.7.1987,Female,,,USA,913125.0
54,Thomas,24.4.1970,Female,,,USA,572223.0
59,Elizabeth,1.6.1965,Female,,Chicago,USA,959134.0
54,Laura,5.8.1970,Female,,,USA,970100.0
61,Cynthia,,Female,,Chicago,USA,345700.0
58,Diane,21.11.1966,,,New York City,USA,580727.0
14,Tyler,17.2.2010,Male,,,USA,818336.0
,Doris,,,,,USA,832275.0
,Janice,,Female,,Los Angeles,USA,
,Emma,,Male,,New York City,USA,728332.0
38,Patricia,29.6.1986,Female,,Los Angeles,USA,231213.0
9,Hannah,26.3.2015,Female,,,USA,279824.0
49,Benjamin,24.5.1975,Male,,,USA,321682.0
74,Beverly,15.8.1950,Male,,,USA,286341.0
42,Helen,17.9.1982,Female,,New York City,USA,638264.0
47,Katherine,13.11.1977,Female,,,USA,282198.0
34,Deborah,11.4.1990,Male,,,USA,351649.0
33,Samantha,9.5.1991,Male,,Los Angeles,USA,86849.0
69,Joseph,25.9.1955,Male,,,USA,433285.0
42,Wayne,22.4.1982,Male,,Los Angeles,USA,716.0
68,John,17.5.1956,Female,,New York City,USA,799415.0
13,Aaron,4.2.2011,,,New York City,USA,557627.0
71,Eric,,Male,,Los Angeles,USA,126611.0
72,Donald,21.12.1952,Female,,,USA,674813.0
48,Timothy,,,,Los Angeles,USA,512618.0
41,Samantha,,,,New York City,USA,16091.0
41,Kyle,20.5.1983,Female,,New York City,USA,338293.0
25,Jesse,29.6.1999,Female,,,USA,512164.0
12,Sandra,30.5.2012,,,,USA,
73,Bruce,8.1.1951,Female,,,USA,558872.0
33,Dylan,29.7.1991,Male,,Los Angeles,USA,59589.0
,Christine,,Female,,Los Angeles,USA,921644.0
18,Ashley,9.11.2006,,,Chicago,USA,357757.0
,Diana,,Male,,Los Angeles,USA,328669.0
69,Douglas,28.1.1955,Female,,Chicago,USA,256206.0
,Logan,,Male,,Los Angeles,USA,771879.0
75,Henry,26.10.1949,Male,,,USA,62047.0
7,Eugene,25.12.2017,Female,,Los Angeles,USA,34431.0
7,Amy,23.9.2017,,,,USA,547924.0
,Catherine,,Male,,,USA,57013.0
50,Donald,3.11.1974,,,,USA,244533.0
,Kimberly,,,,New York City,USA,763707.0
36,Jordan,21.6.1988,Female,,New York City,USA,66229.0
31,Evelyn,,Female,,Chicago,USA,
47,Frances,14.6.1977,Female,,Chicago,USA,125516.0
17,Justin,15.12.2007,Male,,,USA,987472.0
59,Paul,26.5.1965,Male,,Chicago,USA,749298.0
,Henry,,Male,,New York City,USA,169665.0
,Eric,,Male,,Chicago,USA,
14,Gloria,,Female,,Los Angeles,USA,589864.0
46,Judith,18.2.1978,,,Los Angeles,USA,
62,Harold,26.11.1962,Female,,,USA,332067.0
51,Gloria,29.8.1973,Male,,New York City,USA,444324.0
49,Betty,21.3.1975,Male,,,USA,809090.0
18,Jose,24.11.2006,Male,,Chicago,USA,733449.0
24,Abigail,12.7.2000,,,Los Angeles,USA,814025.0
22,Katherine,8.1.2002,Female,,Los Angeles,USA,684450.0
65,Robert,7.2.1959,Female,,,USA,578284.0
42,Janet,29.1.1982,,,New York City,USA,452846.0
56,Judith,25.12.1968,Female,,,USA,386002.0
69,Jennifer,5.5.1955,Female,,New York City,USA,143993.0
40,Jason,,Female,,Chicago,USA,975155.0
52,Linda,16.1.1972,,,,USA,57293.0
11,Teresa,28.7.2013,,,New York City,USA,966402.0
,Abigail,,,,Los Angeles,USA,318714.0
,Donald,,Male,,New York City,USA,
49,John,28.6.1975,Male,,,USA,25241.0
52,Mark,3.4.1972,Male,,,USA,12860.0
49,Wayne,17.8.1975,Female,,,USA,799967.0
8,Alexander,24.3.2016,,,Los Angeles,USA,676917.0
65,Kevin,4.10.1959,Male,,,USA,758149.0
63,Sharon,,Male,,,USA,810640.0
47,Patricia,7.12.1977,Male,,Los Angeles,USA,683089.0
7,Juan,25.5.2017,Male,,Chicago,USA,371917.0
51,Amanda,,,,,USA,295758.0
14,Brian,19.7.2010,Female,,Los Angeles,USA,878639.0
,Maria,,Male,,,USA,110271.0
20,Edward,26.4.2004,Male,,Los Angeles,USA,653523.0
58,Brittany,,,,Chicago,USA,793709.0
59,Marilyn,,Male,,,USA,107831.0
72,Anthony,,Male,,Los Angeles,USA,
20,Sandra,27.9.2004,Female,,New York City,USA,449937.0
54,Joe,27.7.1970,,,Chicago,USA,675283.0
55,Natalie,22.12.1969,Female,,New York City,USA,36087.0
75,Justin,9.9.1949,,,New York City,USA,943795.0
25,Teresa,11.1.1999,Female,,,USA,
8,Alan,25.8.2016,Male,,,USA,
,Alexis,,Male,,,USA,85402.0
45,Jordan,20.4.1979,,,Chicago,USA,622278.0
28,Henry,11.4.1996,Female,,Los Angeles,USA,264006.0
31,Catherine,22.1.1993,Female,,New York City,USA,3271.0
71,William,26.5.1953,Female,,,USA,107199.0
36,Donald,,Female,,,USA,570520.0
36,Virginia,1.8.1988,Female,,Chicago,USA,598671.0
62,Kathleen,28.11.1962,Female,,Los Angeles,USA,265190.0
42,Lori,21.1.1982,Female,,Chicago,USA,794148.0
71,Roger,6.2.1953,,,Chicago,USA,472708.0
7,Kayla,15.8.2017,,,,USA,888525.0
74,Gary,17.2.1950,Male,,,USA,927828.0
,Judith,,,,,USA,797167.0
10,Philip,17.5.2014,Female,,New York City,USA,962088.0
,Bradley,,Female,,,USA,
,Paul,,Male,,Los Angeles,USA,748668.0
28,Rachel,15.9.1996,Female,,,USA,859695.0
10,Andrea,26.8.2014,,,New York City,USA,
57,Brandon,,Female,,,USA,651746.0
68,Sarah,20.4.1956,Male,,Los Angeles,USA,734460.0
24,Jordan,3.2.2000,Female,,,USA,374406.0
19,Danielle,20.12.2005,Male,,Los Angeles,USA,737778.0
43,Denise,15.1.1981,Female,,,USA,753137.0
50,Julie,12.6.1974,Male,,,USA,
13,Samuel,5.2.2011,,,,USA,364735.0
25,Andrea,29.2.1999,Male,,,USA,104583.0
43,Gerald,1.3.1981,Male,,,USA,736072.0
68,Joan,,,,New York City,USA,180167.0
25,Debra,21.6.1999,Female,,Los Angeles,USA,137146.0
75,Michael,,Male,,Chicago,USA,991407.0
59,Teresa,21.11.1965,Female,,Los Angeles,USA,473594.0
67,Eric,11.2.1957,Female,,Chicago,USA,246465.0
25,Elijah,14.4.1999,Male,,Chicago,USA,935534.0
26,Thomas,,,,New York City,USA,549481.0
43,Eugene,27.2.1981,Male,,,USA,231075.0
42,Julia,13.5.1982,Female,,Los Angeles,USA,687410.0
35,Elijah,,Male,,Chicago,USA,59836.0
46,Katherine,11.12.1978,Female,,,USA,736048.0
57,Evelyn,28.12.1967,Female,,New York City,USA,543253.0
,Denise,,Female,,Chicago,USA,23844.0
38,Joyce,28.7.1986,Male,,Chicago,USA,411812.0
40,Susan,10.2.1984,,,,USA,238962.0
17,Deborah,,Male,,,USA,867532.0
28,Scott,29.3.1996,,,Chicago,USA,644922.0
,Elizabeth,,Male,,New York City,USA,
46,Ann,10.5.1978,Male,,Durban,South Africa,
10,Doris,10.1.2014,,,Cape Town,South Africa,153390.0
9,Sarah,2.6.2015,Female,,,South Africa,115605.0
50,Virginia,,Female,,,South Africa,890902.0
21,Ruth,6.4.2003,,,Durban,South Africa,354677.0
27,Timothy,22.8.1997,Male,,Johannesburg,South Africa,710752.0
55,George,5.3.1969,Female,,Durban,South Africa,93157.0
33,Kathryn,29.9.1991,Male,,,South Africa,802974.0
58,Patrick,26.10.1966,,,Johannesburg,South Africa,474274.0
64,Amanda,,Male,,Cape Town,South Africa,405411.0
74,Willie,15.1.1950,,,,South Africa,477007.0
60,Douglas,9.2.1964,Female,,Cape Town,South Africa,663746.0
49,Christian,11.6.1975,Female,,,South Africa,43149.0
25,Steven,3.7.1999,Female,,Johannesburg,South Africa,6577.0
70,Julie,7.8.1954,Female,,,South Africa,975968.0
42,Elizabeth,28.1.1982,Female,,Durban,South Africa,157827.0
21,Bobby,1.4.2003,Male,,,South Africa,375906.0
61,Janice,3.12.1963,Female,,Durban,South Africa,913768.0
73,Sara,19.8.1951,Male,,Cape Town,South Africa,980904.0
39,Natalie,,Male,,Durban,South Africa,717811.0
69,Kathryn,,,,,South Africa,656663.0
25,Jacob,11.11.1999,Female,,Johannesburg,South Africa,443995.0
15,Eugene,20.1.2009,Female,,Johannesburg,South Africa,448204.0
21,Martha,4.8.2003,Male,,Cape Town,South Africa,647268.0
6,Emma,,,,,South Africa,
15,Brian,10.3.2009,,,Johannesburg,South Africa,664382.0
64,Shirley,10.9.1960,Female,,,South Africa,204446.0
50,Adam,9.4.1974,Male,,,South Africa,728937.0
5,Theresa,19.12.2019,Male,,Durban,South Africa,
36,Kevin,23.2.1988,Female,,Durban,South Africa,
21,Ronald,16.1.2003,Female,,Johannesburg,South Africa,654674.0
50,Edward,7.1.1974,Female,,Durban,South Africa,450095.0
66,Rachel,11.5.1958,Female,,,South Africa,321312.0
16,Hannah,,,,,South Africa,928480.0
53,Helen,4.4.1971,,,,South Africa,476580.0
6,David,28.10.2018,Male,,,South Africa,933827.0
64,Stephen,2.9.1960,,,Cape Town,South Africa,70765.0
16,Shirley,4.4.2008,,,Johannesburg,South Africa,800481.0
35,Roy,26.12.1989,Male,,Durban,South Africa,343443.0
7,Frank,9.4.2017,Male,,Durban,South Africa,921388.0
56,Angela,24.12.1968,Female,,Johannesburg,South Africa,755611.0
30,Ronald,,,,,South Africa,192553.0
37,Emma,23.11.1987,Male,,Cape Town,South Africa,752055.0
,Lawrence,,Female,,Durban,South Africa,564261.0
73,Amy,12.5.1951,Female,,,South Africa,97464.0
15,Rebecca,27.9.2009,Male,,Cape Town,South Africa,
53,Patrick,,,,,South Africa,505071.0
55,Bruce,,Male,,Johannesburg,South Africa,669134.0
74,Theresa,16.10.1950,Male,,Durban,South Africa,
50,James,4.1.1974,Male,,,South Africa,652050.0
33,Charles,9.2.1991,Female,,,South Africa,761653.0
,Judy,,Male,,Cape Town,South Africa,840062.0
61,Grace,,Male,,,South Africa,849510.0
32,Nancy,18.6.1992,Male,,Cape Town,South Africa,850417.0
36,Logan,21.12.1988,Male,,Cape Town,South Africa,832427.0
27,Charles,20.4.1997,Female,,Johannesburg,South Africa,
42,Nancy,16.9.1982,Male,,,South Africa,686161.0
12,Alexis,10.8.2012,Female,,Cape Town,South Africa,
,Robert,,,,Johannesburg,South Africa,988478.0
61,Stephen,3.7.1963,Female,,Cape Town,South Africa,737993.0
6,Debra,1.8.2018,Female,,Durban,South Africa,53089.0
61,Noah,22.3.1963,Female,,,South Africa,824156.0
74,Melissa,11.10.1950,,,,South Africa,612841.0
,Tyler,,Female,,Cape Town,South Africa,84257.0
72,Janice,23.2.1952,Male,,Durban,South Africa,554813.0
58,Rebecca,14.3.1966,Female,,,South Africa,368361.0
,Jack,,Female,,,South Africa,351791.0
65,Sandra,2.9.1959,,,Johannesburg,South Africa,948636.0
35,Juan,27.8.1989,Female,,Cape Town,South Africa,945449.0
,John,,,,,South Africa,718164.0
33,Raymond,16.7.1991,,,Cape Town,South Africa,505492.0
46,Rebecca,11.6.1978,Male,,,South Africa,423815.0
18,Frances,,,,Johannesburg,South Africa,706237.0
32,Nathan,1.4.1992,Male,,Cape Town,South Africa,16865.0
40,Roy,19.5.1984,Male,,Johannesburg,South Africa,92355.0
64,Brenda,,Female,,Johannesburg,South Africa,377703.0
41,Julia,13.6.1983,Female,,Durban,South Africa,654334.0
55,Wayne,20.6.1969,Male,,Johannesburg,South Africa,454644.0
19,Willie,30.3.2005,Female,,,South Africa,59364.0
63,Gregory,13.5.1961,Male,,Cape Town,South Africa,596453.0
28,Diane,6.12.1996,Male,,,South Africa,685527.0
39,Diana,27.9.1985,Female,,Durban,South Africa,925087.0
40,Samantha,13.4.1984,Male,,Cape Town,South Africa,696114.0
66,Sara,4.10.1958,Female,,,South Africa,439124.0
18,Roy,20.5.2006,Female,,Cape Town,South Africa,696785.0
21,Jacob,3.11.2003,,,,South Africa,112564.0
71,Jordan,,Male,,Johannesburg,South Africa,14652.0
20,Elijah,,Female,,Cape Town,South Africa,682018.0
,Linda,,Female,,,South Africa,231123.0
56,Judith,28.5.1968,Female,,Johannesburg,South Africa,495293.0
,Linda,,Female,,Johannesburg,South Africa,610892.0
11,Jack,17.4.2013,Male,,Johannesburg,South Africa,85405.0
65,Walter,,,,,South Africa,891085.0
,Sean,,Male,,Durban,South Africa,667829.0
30,Paul,7.9.1994,Male,,,South Africa,367096.0
43,James,13.9.1981,Female,,Johannesburg,South Africa,905429.0
29,Amber,,Female,,Cape Town,South Africa,601013.0
43,Emily,4.4.1981,Male,,,South Africa,316685.0
54,Robert,,,,Cape Town,South Africa,734253.0
75,Janice,,,,Cape Town,South Africa,101131.0
13,Harold,24.6.2011,Male,,,South Africa,630104.0
16,Dennis,7.12.2008,Female,,Durban,South Africa,308754.0
13,Stephen,,,,,South Africa,923504.0
38,Eugene,27.5.1986,Male,,,South Africa,146404.0
62,Richard,13.7.1962,Female,,Durban,South Africa,954553.0
,Benjamin,,Female,,Cape Town,South Africa,335154.0
32,Margaret,15.3.1992,Female,,,South Africa,99058.0
65,Megan,,Male,,Johannesburg,South Africa,431325.0
32,Victoria,30.1.1992,Male,,,South Africa,811274.0
33,Jonathan,5.7.1991,,,Cape Town,South Africa,981907.0
30,Billy,,,,,South Africa,878850.0
13,Jean,,Male,,Cape Town,South Africa,309929.0
13,Carol,,Female,,Durban,South Africa,839936.0
31,Alan,20.1.1993,Female,,Cape Town,South Africa,239330.0
63,Paul,29.1.1961,Male,,,South Africa,614774.0
12,Sarah,25.5.2012,Female,,Durban,South Africa,450590.0
66,Elizabeth,29.12.1958,Male,,Johannesburg,South Africa,890850.0
12,Elijah,27.10.2012,Female,,,South Africa,195817.0
14,Kayla,14.9.2010,Female,,Cape Town,South Africa,176966.0
31,Laura,4.8.1993,Female,,Cape Town,South Africa,532173.0
16,Jennifer,,Female,,,South Africa,643000.0
73,Gary,20.2.1951,Female,,Durban,South Africa,960646.0
42,Catherine,,Female,,Cape Town,South Africa,484817.0
49,Jeffrey,15.9.1975,Male,,Johannesburg,South Africa,656353.0
47,Michael,13.4.1977,,,,South Africa,938123.0
65,Harold,27.4.1959,,,Johannesburg,South Africa,756385.0
25,Wayne,25.6.1999,Male,,,Germany,286651.0
40,Eric,,Male,,Berlin,Germany,521229.0
,Kenneth,,Female,,Hamburg,Germany,296388.0
58,Rachel,,Male,,Berlin,Germany,425244.0
56,Steven,3.7.1968,,,,Germany,287663.0
74,Zachary,18.11.1950,,,Hamburg,Germany,326318.0
12,Sara,,Male,,Berlin,Germany,752442.0
17,Susan,11.2.2007,Male,,Hamburg,Germany,2115.0
19,Madison,22.8.2005,Male,,Hamburg,Germany,154241.0
31,Mary,22.11.1993,,,Hamburg,Germany,346232.0
58,William,30.8.1966,Female,,Hamburg,Germany,948313.0
60,Brenda,,Female,,,Germany,940896.0
16,Wayne,4.8.2008,Male,,Hamburg,Germany,
6,Betty,,Female,,,Germany,
,Walter,,,,,Germany,866621.0
54,Austin,4.6.1970,Male,,Berlin,Germany,723031.0
58,Rebecca,,,,,Germany,318440.0
25,Anna,,Male,,Hamburg,Germany,896413.0
33,Ethan,21.8.1991,Male,,,Germany,
41,Judy,5.11.1983,Male,,,Germany,839954.0
68,Heather,2.3.1956,Female,,,Germany,899921.0
71,Hannah,,Male,,,Germany,53260.0
16,Nicholas,28.6.2008,,,,Germany,406637.0
15,Aaron,,Female,,,Germany,562023.0
36,Christopher,4.6.1988,Female,,Berlin,Germany,218793.0
,Joshua,,,,Munich,Germany,72474.0
29,Mark,,,,,Germany,705855.0
9,Lisa,,Male,,Hamburg,Germany,366427.0
43,John,,Female,,Hamburg,Germany,114342.0
53,Joseph,29.8.1971,Male,,,Germany,936754.0
11,Aaron,16.6.2013,Female,,,Germany,200926.0
60,Diane,18.4.1964,,,,Germany,123266.0
32,Christine,12.10.1992,Female,,Berlin,Germany,165267.0
45,Gary,10.12.1979,,,Munich,Germany,858584.0
23,Peter,29.2.2001,Male,,Hamburg,Germany,478252.0
13,David,6.11.2011,Male,,,Germany,167035.0
62,Bruce,21.7.1962,Female,,Munich,Germany,99111.0
36,Jerry,,Male,,,Germany,220549.0
17,Mason,,Female,,,Germany,
45,Kayla,7.5.1979,Male,,,Germany,361880.0
36,Nicholas,,,,,Germany,934578.0
8,Bryan,10.6.2016,Female,,,Germany,284942.0
52,Theresa,10.6.1972,Male,,Munich,Germany,
10,Maria,22.1.2014,Male,,,Germany,570329.0
63,Benjamin,13.11.1961,Female,,,Germany,
,Matthew,,Male,,Hamburg,Germany,763770.0
12,Pamela,3.9.2012,Male,,Berlin,Germany,992798.0
25,Charles,16.7.1999,Male,,,Germany,291350.0
61,Karen,3.6.1963,Female,,,Germany,20822.0
21,Matthew,13.2.2003,Male,,,Germany,179576.0
71,James,14.4.1953,Female,,Munich,Germany,458305.0
31,Kenneth,2.7.1993,Female,,Munich,Germany,15407.0
,Jean,,Male,,,Germany,
55,George,5.9.1969,Female,,,Germany,203476.0
68,Jeffrey,14.11.1956,Female,,,Germany,
37,Samantha,5.10.1987,,,,Germany,425922.0
26,Angela,11.6.1998,Female,,Berlin,Germany,802794.0
,Elijah,,,,,Germany,
61,Logan,,Female,,Hamburg,Germany,33139.0
48,Gloria,11.3.1976,Male,,Hamburg,Germany,
25,Brittany,9.12.1999,Male,,,Germany,413480.0
75,Janet,3.5.1949,Female,,Berlin,Germany,821779.0
,Mason,,Male,,Munich,Germany,682120.0
12,Charles,6.11.2012,Male,,,Germany,
67,Jesse,6.1.1957,Male,,,Germany,166841.0
31,Bobby,20.7.1993,Female,,,Germany,150585.0
74,Austin,25.8.1950,Female,,,Germany,488001.0
72,Julia,5.1.1952,Female,,Hamburg,Germany,136173.0
27,Shirley,24.1.1997,Male,,Munich,Germany,461922.0
,Brittany,,Female,,Berlin,Germany,566828.0
47,Amber,2.12.1977,Male,,,Germany,128191.0
46,Janet,16.10.1978,,,Berlin,Germany,806483.0
74,Russell,18.10.1950,Male,,Berlin,Germany,403718.0
41,Linda,29.1.1983,,,Berlin,Germany,926998.0
18,Douglas,29.3.2006,Male,,,Germany,821532.0
42,Eugene,2.9.1982,Male,,Munich,Germany,962712.0
18,William,19.4.2006,Female,,,Germany,701257.0
26,Andrew,,Female,,Munich,Germany,123104.0
50,Patricia,,Female,,,Germany,609605.0
,Marilyn,,Male,,,Germany,
38,Julie,13.11.1986,Male,,,Germany,
51,Marilyn,3.8.1973,Male,,,U.K.,179049.0
49,Larry,15.5.1975,Male,,,U.K.,860687.0
74,Susan,4.11.1950,Female,,Manchester,U.K.,420421.0
16,Charles,2.9.2008,Male,,,U.K.,411901.0
74,Kimberly,2.5.1950,Male,,Manchester,U.K.,27386.0
24,Martha,21.11.2000,Female,,,U.K.,921328.0
75,Sarah,15.6.1949,Female,,Manchester,U.K.,561017.0
43,Sara,15.7.1981,,,,U.K.,285043.0
50,Kathryn,15.5.1974,Female,,Manchester,U.K.,260692.0
66,Carol,11.11.1958,Female,,,U.K.,467686.0
21,Mark,15.6.2003,,,Birmingham,U.K.,412837.0
7,Ronald,22.6.2017,,,London,U.K.,
,Denise,,Male,,,U.K.,868644.0
62,Nathan,2.1.1962,Female,,,U.K.,146552.0
53,Joe,17.8.1971,Male,,Birmingham,U.K.,383684.0
42,Austin,2.12.1982,Male,,Birmingham,U.K.,62899.0
17,Anthony,4.9.2007,Male,,Manchester,U.K.,682265.0
11,John,3.2.2013,,,Manchester,U.K.,924408.0
17,Anna,12.6.2007,Female,,Birmingham,U.K.,272560.0
30,Christian,1.5.1994,Male,,,U.K.,961655.0
50,Grace,12.8.1974,Male,,Manchester,U.K.,719701.0
60,Kelly,22.10.1964,Male,,London,U.K.,472593.0
55,Edward,9.4.1969,Female,,Manchester,U.K.,775741.0
73,Douglas,23.7.1951,Female,,,U.K.,11700.0
22,Brandon,5.9.2002,Female,,Birmingham,U.K.,621521.0
70,Julie,19.8.1954,Female,,,U.K.,217328.0
25,Ashley,13.2.1999,,,Birmingham,U.K.,467908.0
69,Jonathan,19.7.1955,Male,,Birmingham,U.K.,583738.0
,Andrea,,Male,,London,U.K.,113225.0
41,Sharon,3.3.1983,Female,,,U.K.,114005.0
74,Andrea,29.12.1950,,,,U.K.,
5,Marilyn,17.5.2019,,,,U.K.,760455.0
11,Marilyn,13.2.2013,Male,,,U.K.,472338.0
17,Gary,17.9.2007,Male,,London,U.K.,381612.0
36,Judith,24.5.1988,Female,,Birmingham,U.K.,901195.0
24,Susan,3.2.2000,Female,,Manchester,U.K.,158628.0
70,Ronald,22.6.1954,Female,,,U.K.,687623.0
23,Ronald,19.4.2001,Female,,Manchester,U.K.,703582.0
40,Jason,24.9.1984,Male,,,U.K.,
34,Edward,,Male,,Birmingham,U.K.,90580.0
68,Lisa,4.1.1956,Male,,Manchester,U.K.,741209.0
20,Elizabeth,30.10.2004,Male,,,U.K.,150524.0
9,Jesse,24.2.2015,Female,,,U.K.,588940.0
48,Steven,21.11.1976,Female,,,U.K.,548934.0
5,Donald,17.10.2019,Male,,,U.K.,457587.0
35,Amy,9.1.1989,Female,,,U.K.,925354.0
63,Kelly,1.3.1961,Male,,Birmingham,U.K.,205176.0
10,Amanda,1.6.2014,Male,,,U.K.,709389.0
68,Andrea,4.11.1956,Female,,Birmingham,U.K.,805543.0
67,Linda,22.10.1957,Female,,,U.K.,460995.0
71,Michael,22.4.1953,Female,,London,U.K.,14001.0
30,Nathan,16.7.1994,,,Manchester,U.K.,482096.0
69,Theresa,25.4.1955,Female,,London,U.K.,869956.0
64,Evelyn,13.6.1960,Female,,Birmingham,U.K.,380035.0
,Cheryl,,Female,,Birmingham,U.K.,352661.0
23,Brian,9.7.2001,Female,,,U.K.,475434.0
14,Jeremy,11.1.2010,,,London,U.K.,790742.0
52,Arthur,,Male,,London,U.K.,938328.0
47,Kevin,29.12.1977,Female,,Birmingham,U.K.,902326.0
40,Helen,26.6.1984,Male,,London,U.K.,912407.0
56,John,,Female,,London,U.K.,586510.0
,Christopher,,Male,,Manchester,U.K.,634711.0
33,Amanda,16.4.1991,Male,,,U.K.,133206.0
,Patricia,,Female,,,U.K.,450684.0
48,Hannah,,,,London,U.K.,441478.0
36,Heather,6.9.1988,Male,,London,U.K.,143977.0
28,Henry,,Female,,Manchester,U.K.,691031.0
71,Amanda,11.9.1953,,,Manchester,U.K.,725059.0
10,Christian,1.4.2014,Male,,London,U.K.,494761.0
,Donald,,,,London,U.K.,594783.0
,Charlotte,,,,,U.K.,322843.0
48,Julia,4.4.1976,Female,,Manchester,U.K.,720714.0
53,Raymond,,,,Manchester,U.K.,
9,Virginia,6.1.2015,Female,,,U.K.,64873.0
8,Angela,28.9.2016,,,Manchester,U.K.,732888.0
15,Jacob,2.12.2009,Male,,Manchester,U.K.,158979.0
41,Diana,16.1.1983,Female,,London,U.K.,
19,Alice,,Male,,Birmingham,U.K.,953826.0
44,Justin,7.9.1980,Female,,,U.K.,
26,Tyler,,Male,,London,U.K.,792874.0
22,Evelyn,22.6.2002,Male,,,U.K.,706168.0
11,Isabella,29.3.2013,Male,,Birmingham,U.K.,867356.0
10,Alice,2.12.2014,,,,U.K.,873842.0
22,Scott,14.10.2002,Male,,Birmingham,U.K.,707981.0
,Sara,,Female,,,U.K.,998497.0
64,Randy,14.9.1960,Female,,London,U.K.,578475.0
33,Jose,16.7.1991,Female,,London,U.K.,720517.0
12,Ryan,6.9.2012,Female,,,U.K.,387892.0
63,Julia,17.4.1961,Female,,,U.K.,172823.0
68,Rachel,17.12.1956,Male,,,U.K.,178905.0
20,Sophia,29.1.2004,Male,,London,U.K.,897908.0
39,Charles,10.4.1985,Male,,Manchester,U.K.,210011.0
22,Frances,24.3.2002,,,London,U.K.,101226.0
31,Ashley,15.11.1993,Male,,,U.K.,198659.0
,Brian,,Female,,,U.K.,881334.0
20,Steven,,Male,,,U.K.,10110.0
40,Pamela,6.1.1984,Male,,Birmingham,U.K.,794711.0
42,Philip,9.12.1982,Male,,,U.K.,
9,Theresa,,,,London,U.K.,220654.0
75,William,,Female,,London,U.K.,867704.0
,Richard,,,,,U.K.,352780.0
20,Elijah,20.3.2004,Male,,London,U.K.,739953.0
51,Kathleen,7.10.1973,Male,,Birmingham,U.K.,730972.0
65,Gregory,17.12.1959,Male,,,U.K.,113282.0
37,Teresa,2.1.1987,,,Birmingham,U.K.,28647.0
38,Jessica,2.2.1986,Male,,Birmingham,U.K.,356617.0
47,Denise,12.11.1977,Female,,,U.K.,331804.0
13,Grace,12.8.2011,Male,,Manchester,U.K.,300661.0
54,Nicholas,24.3.1970,,,,U.K.,472077.0
16,Dennis,,Male,,,U.K.,527244.0
20,Susan,19.7.2004,Female,,,U.K.,198310.0
5,Willie,19.12.2019,Male,,Birmingham,U.K.,434216.0
60,Alan,1.4.1964,Female,,,U.K.,408530.0
16,Logan,30.11.2008,Male,,London,U.K.,838975.0
25,Dennis,15.2.1999,Female,,,U.K.,401933.0
8,Helen,2.1.2016,Female,,,U.K.,1214.0
74,Madison,10.1.1950,Female,,Manchester,U.K.,696459.0
21,Frank,23.5.2003,Female,,,U.K.,717730.0
6,Christopher,28.12.2018,Male,,,U.K.,375471.0
,Judy,,Male,,,U.K.,421080.0
63,Rachel,12.11.1961,,,,U.K.,269977.0
62,Amanda,,Male,,Birmingham,U.K.,482910.0
35,Austin,18.8.1989,Male,,Manchester,U.K.,
52,Patricia,3.4.1972,Female,,,U.K.,
67,Jason,16.7.1957,Male,,,U.K.,205668.0
50,Abigail,13.11.1974,,,Birmingham,U.K.,432654.0
8,Lori,2.4.2016,Female,,London,U.K.,862851.0
6,George,,Female,,,U.K.,924130.0
55,Christian,11.6.1969,Female,,,U.K.,263052.0
11,Ashley,22.5.2013,Female,,Manchester,U.K.,822912.0
14,Sean,28.10.2010,Female,,Birmingham,U.K.,367986.0
72,Madison,,Female,,,U.K.,676022.0
16,Jessica,8.10.2008,Female,,London,U.K.,886776.0
8,Scott,25.10.2016,Female,,,U.K.,201361.0
70,Janet,18.10.1954,Female,,Birmingham,U.K.,168522.0
11,Brian,,Male,,Birmingham,U.K.,886991.0
24,Jerry,25.11.2000,Female,,Manchester,U.K.,640455.0
59,Mark,,Male,,Birmingham,U.K.,294339.0
17,William,,Female,,,U.K.,956726.0
39,Dorothy,13.9.1985,Female,,Manchester,U.K.,773871.0
27,Tyler,1.8.1997,,,,U.K.,685577.0
58,Sandra,28.12.1966,Male,,London,U.K.,
65,Brandon,,,,,U.K.,685646.0
48,Justin,28.8.1976,Female,,Manchester,U.K.,639971.0
,Roy,,Male,,Manchester,U.K.,227885.0
36,Andrew,2.5.1988,,,Manchester,U.K.,887135.0
42,Edward,20.2.1982,Male,,Birmingham,U.K.,925855.0
67,Deborah,11.10.1957,Male,,,U.K.,971660.0
,Edward,,Female,,London,U.K.,856735.0
69,Kevin,3.3.1955,,,,U.K.,990588.0
30,Nathan,18.7.1994,Female,,London,U.K.,161721.0
52,Vincent,16.7.1972,Female,,Barcelona,Spain,192921.0
56,Theresa,19.3.1968,Female,,Barcelona,Spain,666318.0
14,Rachel,25.10.2010,Female,,Barcelona,Spain,
69,Robert,,Male,,,Spain,661118.0
10,Peter,19.3.2014,Female,,Barcelona,Spain,510653.0
38,Billy,19.5.1986,Male,,,Spain,886168.0
,Sara,,Male,,Valencia,Spain,594045.0
47,Frances,,Male,,Barcelona,Spain,527110.0
63,Anthony,30.8.1961,Male,,,Spain,724986.0
22,Keith,28.5.2002,Female,,,Spain,933698.0
42,Christine,11.8.1982,Male,,,Spain,50069.0
52,Judy,,Female,,,Spain,190010.0
75,Janice,6.11.1949,Female,,Madrid,Spain,452148.0
56,Susan,,Female,,Madrid,Spain,201999.0
59,Douglas,,Male,,,Spain,460612.0
20,Betty,3.10.2004,Female,,,Spain,979807.0
30,Jason,1.5.1994,,,Madrid,Spain,479520.0
52,Russell,4.6.1972,Female,,Valencia,Spain,422714.0
61,Carol,20.9.1963,Male,,,Spain,281811.0
40,Ralph,14.7.1984,Male,,Barcelona,Spain,286860.0
73,Bobby,,Female,,Madrid,Spain,408903.0
73,Doris,18.11.1951,Male,,Valencia,Spain,516842.0
51,Billy,10.10.1973,Female,,Madrid,Spain,27672.0
35,Evelyn,12.4.1989,,,Valencia,Spain,543745.0
62,Zachary,20.12.1962,Female,,,Spain,799542.0
45,Jesse,21.9.1979,Female,,,Spain,545298.0
13,Christian,7.4.2011,Female,,Valencia,Spain,
9,Justin,7.10.2015,Female,,,Spain,102280.0
27,Lisa,29.9.1997,Male,,Valencia,Spain,668872.0
14,Brian,10.10.2010,Male,,Barcelona,Spain,
37,Thomas,,Female,,Barcelona,Spain,951705.0
6,Richard,,Male,,Barcelona,Spain,352327.0
32,Frank,11.12.1992,Male,,Valencia,Spain,64205.0
65,Judy,13.4.1959,Female,,Valencia,Spain,537721.0
46,Ruth,16.3.1978,,,Barcelona,Spain,80345.0
28,Shirley,13.6.1996,,,Madrid,Spain,400342.0
59,Joseph,,Female,,,Spain,215114.0
41,Debra,5.6.1983,Female,,Madrid,Spain,391414.0
73,Anna,18.5.1951,,,,Spain,614426.0
18,Teresa,29.5.2006,Female,,Madrid,Spain,843654.0
41,Walter,5.2.1983,Female,,,Spain,766666.0
48,Joyce,26.6.1976,Female,,,Spain,506511.0
26,Olivia,,Female,,Valencia,Spain,881304.0
24,Steven,12.3.2000,,,Valencia,Spain,
5,Joe,2.8.2019,Female,,Madrid,Spain,707068.0
17,Judith,14.7.2007,Male,,Valencia,Spain,458352.0
12,Douglas,,Male,,Valencia,Spain,546875.0
,Alan,,Male,,,Spain,938778.0
60,Susan,29.5.1964,Female,,Barcelona,Spain,625967.0
,Anna,,,,,Spain,189487.0
7,Jack,11.8.2017,Female,,Barcelona,Spain,430961.0
41,Billy,25.4.1983,Female,,Valencia,Spain,717909.0
,Brenda,,,,Madrid,Spain,225553.0
,Julia,,Female,,Valencia,Spain,661863.0
66,Larry,12.4.1958,Female,,Valencia,Spain,875211.0
34,Eric,19.2.1990,Male,,Barcelona,Spain,299250.0
52,Lisa,27.12.1972,Female,,Barcelona,Spain,530083.0
69,Benjamin,27.10.1955,,,Valencia,Spain,839496.0
12,Kevin,4.8.2012,Male,,,Spain,312094.0
,Grace,,Male,,,Spain,509989.0
68,Debra,21.4.1956,,,Barcelona,Spain,303540.0
71,Beverly,22.12.1953,Male,,,Spain,235478.0
,Terry,,,,,Spain,121641.0
54,Betty,,Male,,,Spain,542275.0
52,Betty,,,,,Spain,972255.0
19,Philip,14.3.2005,Female,,Barcelona,Spain,328873.0
72,Larry,13.11.1952,Female,,Valencia,Spain,982496.0
46,Julia,25.4.1978,Male,,,Spain,370502.0
68,Noah,9.10.1956,Male,,,Spain,435220.0
64,Dennis,,Female,,Barcelona,Spain,34168.0
48,Alexis,13.10.1976,,,Barcelona,Spain,969746.0
69,Roger,,Female,,,Spain,808582.0
33,Cheryl,13.5.1991,Female,,,Spain,672687.0
15,Heather,26.1.2009,Female,,Valencia,Spain,76505.0
49,Juan,17.6.1975,Male,,Madrid,Spain,869035.0
12,Andrew,24.12.2012,Female,,Madrid,Spain,467508.0
42,Walter,,,,,Spain,253152.0
20,Robert,12.10.2004,Female,,Barcelona,Spain,296829.0
14,Teresa,,Female,,Madrid,Spain,7812.0
41,Edward,,Female,,Barcelona,Spain,363936.0
30,Peter,1.3.1994,Male,,,Spain,739888.0
39,Samantha,29.3.1985,Female,,Valencia,Spain,787229.0
36,Bryan,20.7.1988,Female,,Barcelona,Spain,876202.0
55,Judy,10.12.1969,Male,,,Spain,953860.0
,Kelly,,Male,,Valencia,Spain,987336.0
74,Sharon,3.6.1950,,,,Spain,649060.0
50,Sean,,,,Barcelona,Spain,872967.0
70,William,,,,,Spain,532892.0
,Alexander,,Female,,Valencia,Spain,
7,Kathryn,6.1.2017,,,,Spain,422401.0
19,Dorothy,,Female,,,Spain,544260.0
7,Helen,30.1.2017,Male,,Madrid,Spain,
,Bradley,,Male,,,Spain,594515.0
37,Carolyn,,Male,,Barcelona,Spain,615683.0
53,Eric,30.12.1971,,,Guadalajara,Mexico,671646.0
8,Stephanie,4.10.2016,,,,Mexico,
70,Debra,12.11.1954,Male,,Guadalajara,Mexico,353297.0
66,Jason,13.4.1958,Male,,Mexico City,Mexico,474897.0
27,Jacob,13.10.1997,,,Mexico City,Mexico,148164.0
38,Frances,22.12.1986,Female,,,Mexico,45411.0
30,Joan,7.12.1994,Male,,,Mexico,501339.0
50,Cynthia,13.11.1974,,,Mexico City,Mexico,303045.0
14,Patrick,,Male,,Monterrey,Mexico,111152.0
28,Ethan,19.2.1996,,,,Mexico,875017.0
,Diane,,,,,Mexico,901255.0
68,Donald,28.4.1956,Male,,,Mexico,966555.0
29,Donald,,,,,Mexico,459219.0
75,Donald,1.3.1949,Male,,Mexico City,Mexico,239641.0
17,Russell,13.9.2007,Male,,Mexico City,Mexico,655700.0
48,Eugene,9.6.1976,,,,Mexico,495575.0
7,Christine,,Female,,,Mexico,127992.0
33,Anna,21.6.1991,Female,,,Mexico,182413.0
6,Samantha,20.5.2018,Male,,,Mexico,278835.0
34,Gloria,5.1.1990,Male,,,Mexico,613001.0
60,Alan,,Female,,Guadalajara,Mexico,399201.0
67,Jacob,1.3.1957,Female,,Monterrey,Mexico,65832.0
55,Steven,14.10.1969,Male,,Guadalajara,Mexico,141248.0
13,William,3.5.2011,Female,,Monterrey,Mexico,418243.0
64,Billy,8.7.1960,Male,,Mexico City,Mexico,661673.0
69,Carolyn,26.10.1955,Male,,Guadalajara,Mexico,160133.0
29,Jack,18.8.1995,,,Guadalajara,Mexico,163305.0
44,Danielle,,Male,,Monterrey,Mexico,418380.0
49,Heather,12.4.1975,Male,,Guadalajara,Mexico,
71,Amy,15.4.1953,Male,,Monterrey,Mexico,469597.0
47,Kathryn,,Male,,Guadalajara,Mexico,906348.0
61,Kathleen,23.12.1963,Female,,Mexico City,Mexico,787587.0
30,Lori,2.1.1994,Female,,Monterrey,Mexico,576043.0
23,Nancy,14.9.2001,Female,,,Mexico,
31,Helen,7.10.1993,,,Guadalajara,Mexico,827985.0
,Eric,,Male,,Mexico City,Mexico,163759.0
74,Julie,15.8.1950,Male,,Guadalajara,Mexico,874132.0
58,Danielle,14.7.1966,Female,,Guadalajara,Mexico,852611.0
46,Peter,29.6.1978,Male,,Monterrey,Mexico,386481.0
47,Kenneth,30.12.1977,Male,,,Mexico,8108.0
70,Christopher,29.3.1954,Male,,Monterrey,Mexico,831982.0
36,Virginia,30.5.1988,Male,,Guadalajara,Mexico,947174.0
50,Donald,21.3.1974,Male,,Monterrey,Mexico,57496.0
,Scott,,,,Mexico City,Mexico,28801.0
22,Ralph,9.5.2002,Male,,,Mexico,256303.0
68,Isabella,16.3.1956,Male,,Mexico City,Mexico,811935.0
48,Juan,4.3.1976,Male,,Guadalajara,Mexico,553144.0
61,Karen,14.2.1963,Female,,Monterrey,Mexico,103401.0
48,Bruce,24.2.1976,Male,,,Mexico,520295.0
49,Jordan,,Male,,Guadalajara,Mexico,352076.0
66,Henry,,Female,,,Mexico,577171.0
58,Gary,15.12.1966,,,,Mexico,231369.0
,Aaron,,Female,,Guadalajara,Mexico,697301.0
53,Wayne,,,,Guadalajara,Mexico,381493.0
7,Jennifer,12.12.2017,Male,,,Mexico,445201.0
10,Mark,2.7.2014,Female,,Guadalajara,Mexico,675974.0
28,Pamela,,Male,,Mexico City,Mexico,279854.0
62,Terry,24.8.1962,Male,,,Mexico,645603.0
72,Madison,6.4.1952,Male,,Guadalajara,Mexico,327967.0
48,Joyce,21.10.1976,Female,,,Mexico,
,Beverly,,Male,,Mexico City,Mexico,434673.0
,Julia,,Female,,Monterrey,Mexico,655786.0
54,Jennifer,,,,Mexico City,Mexico,278525.0
63,Donna,27.1.1961,Male,,,Mexico,791976.0
18,Frances,,Female,,,Mexico,551224.0
16,Samuel,28.7.2008,Male,,Guadalajara,Mexico,193218.0
21,Rebecca,10.5.2003,Male,,,Mexico,499849.0
,Angela,,Male,,,Mexico,
11,Joan,27.8.2013,Female,,,Mexico,366399.0
57,Barbara,1.3.1967,Female,,Monterrey,Mexico,936019.0
14,Jeffrey,,Female,,Guadalajara,Mexico,443299.0
67,Russell,6.1.1957,Female,,,Mexico,614641.0
,Doris,,Female,,Guadalajara,Mexico,
61,Lori,11.8.1963,Male,,Guadalajara,Mexico,
16,Nancy,13.10.2008,Female,,,Mexico,994280.0
,Jason,,Male,,Guadalajara,Mexico,
21,Harold,15.6.2003,Male,,Guadalajara,Mexico,765826.0
,Amber,,Female,,Monterrey,Mexico,754952.0
10,Helen,13.8.2014,Female,,,Mexico,
53,Brandon,2.3.1971,Male,,Monterrey,Mexico,36313.0
20,Andrea,,Male,,,Mexico,742768.0
6,George,11.1.2018,Female,,Monterrey,Mexico,992717.0
71,Natalie,3.4.1953,Female,,Guadalajara,Mexico,730943.0
,Karen,,Male,,Mexico City,Mexico,6210.0
15,Rachel,,Male,,Monterrey,Mexico,778688.0
34,Rebecca,5.1.1990,Female,,,Mexico,252259.0
66,Margaret,23.10.1958,Male,,Mexico City,Mexico,
65,Natalie,24.9.1959,Male,,,Mexico,834094.0
48,Juan,5.5.1976,Male,,Monterrey,Mexico,482851.0
34,Emily,,Female,,Mexico City,Mexico,129464.0
43,Amy,24.10.1981,Male,,Guadalajara,Mexico,252745.0
38,John,24.1.1986,Male,,Guadalajara,Mexico,879686.0
24,Randy,,Male,,,Mexico,129682.0
62,Sophia,30.5.1962,,,Mexico City,Mexico,694705.0
54,Dorothy,24.11.1970,Female,,Monterrey,Mexico,402832.0
51,Lawrence,16.9.1973,Male,,,Mexico,239095.0
8,Larry,17.3.2016,Male,,Monterrey,Mexico,70015.0
70,Sandra,6.4.1954,Male,,Mexico City,Mexico,932697.0
21,Grace,17.10.2003,Female,,,Mexico,322286.0
41,Alan,4.2.1983,Male,,Guadalajara,Mexico,
49,Danielle,21.4.1975,,,Mexico City,Mexico,354178.0
12,Daniel,,Male,,Guadalajara,Mexico,58093.0
58,Patricia,26.2.1966,Female,,,Mexico,144782.0
38,Edward,4.3.1986,Female,,Guadalajara,Mexico,467152.0
52,William,27.7.1972,Male,,Guadalajara,Mexico,43083.0
70,Theresa,,Female,,,Mexico,315524.0
9,Timothy,12.2.2015,Female,,,Mexico,55895.0
13,Stephen,27.6.2011,Male,,Guadalajara,Mexico,279571.0
20,Jerry,,Male,,Mexico City,Mexico,835633.0
64,Douglas,14.9.1960,Female,,,Mexico,
13,Alan,22.6.2011,,,Monterrey,Mexico,964101.0
19,Laura,16.7.2005,,,Mexico City,Mexico,430275.0
7,Gary,1.4.2017,Female,,,Mexico,446150.0
71,Patricia,26.2.1953,Male,,Guadalajara,Mexico,
50,Janice,14.7.1974,Female,,,Mexico,62726.0
48,Judy,17.10.1976,Male,,Guadalajara,Mexico,673106.0
7,Doris,17.9.2017,Female,,Monterrey,Mexico,414603.0
50,Evelyn,18.4.1974,Male,,,Mexico,574752.0
29,Ethan,13.7.1995,Female,,Guadalajara,Mexico,396408.0
8,Nancy,24.4.2016,,,,Mexico,122058.0
60,Gabriel,6.11.1964,Male,,,Mexico,221798.0
36,Jonathan,,,,,Mexico,404451.0
,Pamela,,Male,,Mexico City,Mexico,609642.0
68,Billy,,Male,,Guadalajara,Mexico,293314.0
23,Alice,14.8.2001,Female,,Mexico City,Mexico,526980.0
45,Helen,8.1.1979,Male,,Guadalajara,Mexico,
74,Jack,24.1.1950,Female,,Mexico City,Mexico,967292.0
22,Edward,,Female,,Guadalajara,Mexico,801979.0
64,Margaret,19.9.1960,Female,,Mexico City,Mexico,820570.0
61,Vincent,19.3.1963,Female,,,Mexico,198240.0
19,Amy,25.12.2005,Female,,Guadalajara,Mexico,307424.0
48,Laura,7.3.1976,Female,,,Mexico,729404.0
31,Melissa,25.2.1993,Male,,,Mexico,691291.0
34,Austin,25.2.1990,,,Mexico City,Mexico,671126.0
56,Peter,19.10.1968,,,,Mexico,95532.0
11,Carol,7.6.2013,Female,,Monterrey,Mexico,813768.0
,Doris,,,,,Mexico,
13,Christopher,,,,Guadalajara,Mexico,640944.0
,Gregory,,Male,,Mexico City,Mexico,462040.0
43,Madison,8.9.1981,Female,,Mexico City,Mexico,702483.0
66,Alice,,Male,,Monterrey,Mexico,
47,Peter,,,,,Mexico,961221.0
55,Victoria,22.4.1969,,,,Mexico,645137.0
23,Adam,7.5.2001,,,Monterrey,Mexico,506167.0
35,Larry,25.8.1989,Male,,Mexico City,Mexico,192804.0
,Marilyn,,Female,,Guadalajara,Mexico,511169.0
33,Ann,15.2.1991,,,,Mexico,654732.0
27,Diana,5.10.1997,Female,,,Mexico,899985.0
56,Gerald,,Male,,Monterrey,Mexico,435930.0
40,Diane,24.4.1984,,,Guadalajara,Mexico,237909.0
45,Samuel,,Female,,Guadalajara,Mexico,353685.0
27,Jacob,7.4.1997,Female,,,Mexico,199616.0
34,Judy,,Male,,,Mexico,970865.0
38,Jennifer,2.8.1986,Male,,Monterrey,Mexico,871466.0
40,Diane,24.5.1984,Male,,Monterrey,Mexico,130350.0
47,Jerry,2.7.1977,Male,,,Mexico,588931.0
8,Richard,,,,Mexico City,Mexico,893740.0
47,Jordan,7.10.1977,Male,,,Mexico,819358.0
,Brittany,,Male,,,Mexico,545294.0
29,Carol,23.3.1995,Female,,,Mexico,
38,Janice,9.1.1986,Female,,Guadalajara,Mexico,135563.0
30,Cheryl,9.9.1994,Female,,,Mexico,
46,Jesse,,Male,,Mexico City,Mexico,616400.0
49,Kelly,30.10.1975,Female,,,Mexico,415353.0
15,Zachary,5.8.2009,,,Mexico City,Mexico,
,Eugene,,,,Mexico City,Mexico,242414.0
48,Timothy,14.9.1976,Male,,,Mexico,345719.0
42,Ruth,,,,,Mexico,738914.0
20,Tyler,29.11.2004,,,Guadalajara,Mexico,689364.0
,Mary,,Male,,Mexico City,Mexico,896024.0
22,Russell,29.8.2002,Male,,Guadalajara,Mexico,741001.0
34,Charlotte,1.4.1990,Male,,,Mexico,
51,David,,Male,,Guadalajara,Mexico,756256.0
63,David,13.10.1961,Female,,,Mexico,482197.0
5,Olivia,1.9.2019,Male,,Mexico City,Mexico,128977.0
57,Laura,25.7.1967,,,Mexico City,Mexico,41249.0
70,Kathleen,25.9.1954,Female,,Monterrey,Mexico,93725.0
48,Eric,8.8.1976,Female,,Monterrey,Mexico,291039.0
47,Robert,17.12.1977,Female,,Guadalajara,Mexico,5930.0
72,Hannah,4.8.1952,Male,,Monterrey,Mexico,789207.0
64,Nicholas,15.12.1960,Female,,Mexico City,Mexico,591311.0
63,Jeffrey,18.2.1961,Female,,,Mexico,81934.0
31,Russell,12.8.1993,,,Guadalajara,Mexico,378581.0
58,Jerry,7.7.1966,Male,,,Mexico,130310.0
58,Patricia,5.7.1966,Female,,Guadalajara,Mexico,3165.0
9,Deborah,,,,,Mexico,33116.0
45,Charles,17.9.1979,Male,,Monterrey,Mexico,
41,Emma,,Male,,Mexico City,Mexico,408510.0
54,Karen,26.6.1970,Male,,Monterrey,Mexico,254892.0
67,Adam,3.4.1957,Male,,Osaka,Japan,507167.0
8,Matthew,25.9.2016,Male,,,Japan,105356.0
6,Deborah,,Male,,Tokyo,Japan,49688.0
11,Kathryn,26.2.2013,Male,,Kyoto,Japan,804139.0
15,Brenda,,,,,Japan,746764.0
51,Sandra,9.12.1973,Female,,Tokyo,Japan,
,Matthew,,,,Tokyo,Japan,251035.0
48,Bruce,1.12.1976,Female,,Tokyo,Japan,81523.0
42,Frank,20.7.1982,Female,,Kyoto,Japan,722734.0
67,Gabriel,10.5.1957,Male,,Kyoto,Japan,32219.0
65,Hannah,10.5.1959,Male,,,Japan,503099.0
5,Joshua,,Female,,Kyoto,Japan,13595.0
55,Janice,29.1.1969,Female,,Osaka,Japan,
27,Catherine,4.7.1997,Male,,,Japan,149502.0
57,Albert,15.4.1967,Female,,Osaka,Japan,661275.0
21,John,,,,,Japan,994077.0
,Judy,,Male,,Tokyo,Japan,
61,Kelly,1.7.1963,Female,,Osaka,Japan,23591.0
42,Sean,10.10.1982,Female,,Osaka,Japan,150065.0
73,Bobby,11.7.1951,Male,,,Japan,
60,Mary,10.1.1964,Female,,,Japan,
25,Patricia,1.7.1999,Male,,Tokyo,Japan,269559.0
46,Jack,,Female,,Kyoto,Japan,90807.0
59,Ruth,,Male,,Osaka,Japan,529822.0
16,Madison,28.8.2008,,,Tokyo,Japan,303887.0
52,Brandon,17.2.1972,Female,,Kyoto,Japan,
32,Dennis,,,,,Japan,72997.0
26,Thomas,,Male,,,Japan,853942.0
26,Randy,22.5.1998,Male,,Tokyo,Japan,220729.0
15,Mary,10.9.2009,Female,,Osaka,Japan,204483.0
53,Billy,7.8.1971,Female,,Kyoto,Japan,411205.0
5,Gary,24.3.2019,Male,,Kyoto,Japan,163746.0
24,Theresa,17.2.2000,Female,,,Japan,269998.0
24,Juan,23.2.2000,Female,,,Japan,316840.0
66,Michelle,2.6.1958,Male,,,Japan,628089.0
,Karen,,,,,Japan,2033.0
46,Alexis,16.8.1978,Male,,Kyoto,Japan,842518.0
55,Randy,18.8.1969,Female,,,Japan,
28,Karen,3.6.1996,Female,,,Japan,36507.0
59,Dorothy,,Female,,,Japan,259004.0
35,Melissa,16.12.1989,Male,,,Japan,481316.0
73,Samuel,5.5.1951,Male,,Kyoto,Japan,856301.0
27,Anna,27.12.1997,Female,,Kyoto,Japan,160530.0
,Cynthia,,Male,,Osaka,Japan,855642.0
57,Henry,21.5.1967,Female,,,Japan,344358.0
36,Patrick,22.12.1988,Male,,,Japan,757268.0
52,Bruce,8.5.1972,Male,,Kyoto,Japan,805056.0
39,Gerald,,Male,,Tokyo,Japan,96368.0
52,Jack,20.8.1972,,,Osaka,Japan,245306.0
55,Eric,,,,Tokyo,Japan,617398.0
25,Jessica,27.5.1999,Male,,Tokyo,Japan,204974.0
74,Janice,6.1.1950,Male,,Tokyo,Japan,875375.0
67,Megan,24.6.1957,Female,,,Japan,463532.0
,Bobby,,,,,Japan,924670.0
30,Karen,5.5.1994,,,,Japan,235173.0
44,Kenneth,15.9.1980,Male,,Osaka,Japan,
40,Dennis,10.8.1984,,,Tokyo,Japan,720043.0
50,Aaron,2.9.1974,Female,,Kyoto,Japan,596117.0
68,Ronald,18.9.1956,,,,Japan,259815.0
68,Christine,19.8.1956,Male,,,Japan,973775.0
65,Kathryn,15.4.1959,Male,,Kyoto,Japan,202506.0
31,Elijah,14.8.1993,Female,,,Japan,676796.0
23,Alan,3.3.2001,Male,,Osaka,Japan,644713.0
62,Alexis,,,,Kyoto,Japan,575079.0
54,Jacob,4.3.1970,Male,,Osaka,Japan,621069.0
46,Stephanie,,Male,,Osaka,Japan,743053.0
44,Christine,7.6.1980,Female,,Kyoto,Japan,58322.0
74,Thomas,7.4.1950,Female,,,Japan,352408.0
67,Walter,18.11.1957,,,,Japan,640071.0
44,Kenneth,15.2.1980,Female,,Kyoto,Japan,117379.0
20,Linda,14.6.2004,Female,,Osaka,Japan,997657.0
64,Brandon,23.8.1960,Female,,,Japan,910601.0
,Beverly,,,,Kyoto,Japan,280765.0
11,Melissa,20.11.2013,Female,,Osaka,Japan,788691.0
70,Albert,26.12.1954,Male,,,Japan,691830.0
35,Henry,17.11.1989,Female,,Kyoto,Japan,689576.0
19,Jeremy,10.2.2005,,,,Japan,41737.0
53,Deborah,27.2.1971,Female,,Osaka,Japan,
21,Richard,,Male,,Kyoto,Japan,590682.0
64,Nicole,27.10.1960,Female,,Tokyo,Japan,737297.0
61,Stephen,10.1.1963,Male,,,Japan,800017.0
61,Vincent,13.4.1963,Female,,,Japan,984580.0
53,Gerald,,Female,,,Japan,485953.0
20,William,,Male,,Tokyo,Japan,153461.0
53,Catherine,,,,,Japan,873067.0
54,Brenda,,Male,,Osaka,Japan,837321.0
,Ann,,Female,,Tokyo,Japan,680683.0
11,Anna,,,,Osaka,Japan,528969.0
,John,,Male,,Tokyo,Japan,887256.0
37,Christopher,1.2.1987,,,Kyoto,Japan,931866.0
21,Judith,16.8.2003,Male,,Kyoto,Japan,299264.0
70,Henry,,Female,,Osaka,Japan,488031.0
,Theresa,,Male,,Osaka,Japan,423055.0
7,Janet,26.5.2017,Male,,Osaka,Japan,297230.0
,Charles,,Female,,Tokyo,Japan,721570.0
29,Frank,,Male,,Osaka,Japan,920232.0
34,Timothy,25.7.1990,,,Tokyo,Japan,311648.0
22,Peter,13.9.2002,Male,,Kyoto,Japan,328148.0
22,Gary,,,,,Japan,644669.0
53,Sarah,7.11.1971,Female,,Tokyo,Japan,684870.0
63,Stephen,15.12.1961,Male,,Osaka,Japan,798340.0
68,Douglas,4.12.1956,Female,,,Japan,872689.0
19,Martha,7.5.2005,Male,,Kyoto,Japan,380583.0
42,Willie,,Male,,Kyoto,Japan,845329.0
38,Kelly,,,,,Japan,682755.0
15,Mary,,Male,,,Japan,216992.0
63,Lisa,30.4.1961,,,Kyoto,Japan,896053.0
66,Diana,13.5.1958,Female,,Osaka,Japan,746842.0
38,George,8.10.1986,Male,,,Japan,634467.0
28,Sarah,26.3.1996,,,,Japan,489084.0
65,Jennifer,21.9.1959,Male,,Osaka,Japan,774824.0
45,Ryan,20.6.1979,Male,,Kyoto,Japan,315993.0
,Joyce,,Female,,Kyoto,Japan,135585.0
25,Keith,16.12.1999,,,Tokyo,Japan,255857.0
33,Carolyn,,Male,,,Japan,597681.0
,Kyle,,Male,,Amsterdam,The Netherlands,648372.0
24,Elizabeth,,Male,,The Hague,The Netherlands,921860.0
,Carl,,Male,,The Hague,The Netherlands,857063.0
19,Jacob,25.8.2005,Female,,,The Netherlands,575135.0
62,Debra,19.9.1962,Female,,The Hague,The Netherlands,773288.0
56,Linda,,Male,,,The Netherlands,
59,Brenda,10.5.1965,Male,,Rotterdam,The Netherlands,751942.0
67,Jessica,14.5.1957,Female,,,The Netherlands,826346.0
36,Edward,19.3.1988,Male,,Rotterdam,The Netherlands,927876.0
51,Abigail,,Male,,Rotterdam,The Netherlands,855527.0
53,Jason,7.2.1971,Male,,Amsterdam,The Netherlands,335494.0
,Sharon,,Male,,,The Netherlands,849072.0
,Charlotte,,Male,,Amsterdam,The Netherlands,982386.0
59,Larry,,,,The Hague,The Netherlands,398663.0
28,David,19.7.1996,Female,,Rotterdam,The Netherlands,308086.0
68,Stephen,13.5.1956,,,The Hague,The Netherlands,
67,Ashley,2.6.1957,Male,,,The Netherlands,225502.0
57,Grace,8.7.1967,Female,,,The Netherlands,537278.0
56,Larry,,Male,,Rotterdam,The Netherlands,120240.0
,Judith,,Female,,,The Netherlands,50438.0
43,Nathan,16.1.1981,,,Amsterdam,The Netherlands,892440.0
47,Isabella,16.11.1977,,,Rotterdam,The Netherlands,498873.0
9,Julie,12.1.2015,Female,,,The Netherlands,194027.0
30,Barbara,11.6.1994,,,,The Netherlands,
28,Nicholas,20.9.1996,Female,,Amsterdam,The Netherlands,132728.0
75,Jacqueline,26.5.1949,Male,,,The Netherlands,572812.0
,Keith,,Female,,Amsterdam,The Netherlands,107948.0
12,Noah,26.7.2012,,,Rotterdam,The Netherlands,727721.0
5,Angela,26.6.2019,Female,,Rotterdam,The Netherlands,768686.0
50,Philip,4.2.1974,Female,,Rotterdam,The Netherlands,
69,Janice,10.3.1955,Male,,The Hague,The Netherlands,100168.0
28,Rachel,8.6.1996,,,Amsterdam,The Netherlands,857267.0
56,Samuel,26.12.1968,,,Amsterdam,The Netherlands,55150.0
53,James,,Female,,Rotterdam,The Netherlands,286275.0
39,Jacqueline,,Male,,,The Netherlands,756844.0
,Bryan,,Male,,Amsterdam,The Netherlands,354220.0
5,Laura,21.6.2019,,,Rotterdam,The Netherlands,
38,Lisa,15.5.1986,Female,,Amsterdam,The Netherlands,8983.0
20,Brittany,12.8.2004,,,Amsterdam,The Netherlands,649470.0
70,Jerry,10.7.1954,Female,,Amsterdam,The Netherlands,160265.0
28,Mason,,Male,,,The Netherlands,972658.0
66,Pamela,5.11.1958,,,,The Netherlands,804940.0
26,Martha,27.9.1998,Female,,Rotterdam,The Netherlands,436904.0
74,Janice,1.6.1950,Male,,,The Netherlands,774935.0
24,Kathleen,,Male,,The Hague,The Netherlands,30312.0
16,Willie,26.9.2008,Female,,,The Netherlands,171517.0
47,Nicholas,9.10.1977,Female,,,The Netherlands,524910.0
63,Arthur,3.8.1961,Female,,New Delhi,India,63129.0
36,Alice,23.12.1988,Female,,Mumbai,India,682120.0
35,Ronald,26.4.1989,Female,,Mumbai,India,115766.0
53,Anna,13.4.1971,,,Bangalore,India,321001.0
28,Judith,18.9.1996,Female,,,India,943008.0
74,Wayne,3.1.1950,Male,,Bangalore,India,746601.0
55,Matthew,,Female,,Bangalore,India,817646.0
,Ryan,,Female,,,India,423264.0
18,Patrick,9.11.2006,Female,,Mumbai,India,836520.0
62,Henry,12.10.1962,Male,,,India,654357.0
45,Abigail,4.2.1979,Male,,,India,135855.0
39,Ethan,,Male,,,India,921459.0
63,Virginia,,Female,,New Delhi,India,830164.0
,Gabriel,,,,,India,809558.0
7,Kelly,27.5.2017,Female,,,India,31575.0
,Amanda,,Female,,Mumbai,India,725117.0
64,Samuel,7.11.1960,Male,,Bangalore,India,16710.0
6,Gary,,Female,,Mumbai,India,477409.0
,Kimberly,,,,Bangalore,India,992677.0
9,Austin,,Male,,Bangalore,India,914210.0
52,Joseph,,Male,,Bangalore,India,823060.0
72,Billy,3.9.1952,Female,,New Delhi,India,599828.0
14,Angela,17.9.2010,Female,,,India,27498.0
67,Cheryl,30.4.1957,Male,,Mumbai,India,729071.0
66,Kenneth,27.8.1958,,,,India,393407.0
50,Charlotte,25.9.1974,Female,,,India,673277.0
54,Gregory,18.1.1970,Male,,Mumbai,India,259822.0
44,Sandra,9.5.1980,Female,,Bangalore,India,400172.0
29,Judy,19.12.1995,Male,,,India,745811.0
27,Sean,25.5.1997,Female,,,India,676097.0
68,Janet,,Male,,New Delhi,India,183897.0
70,Hannah,,Female,,,India,441611.0
20,Gabriel,15.10.2004,Male,,Mumbai,India,
72,Walter,29.3.1952,Female,,Bangalore,India,499338.0
,Beverly,,Male,,Bangalore,India,426626.0
48,Emily,15.7.1976,,,Bangalore,India,202400.0
18,Michael,11.11.2006,Female,,Mumbai,India,914039.0
62,Jeffrey,2.11.1962,Female,,Mumbai,India,385939.0
5,Ann,18.3.2019,Male,,New Delhi,India,507467.0
48,Benjamin,19.7.1976,Male,,,India,658085.0
17,Juan,21.11.2007,,,Bangalore,India,357806.0
59,Emily,6.11.1965,Male,,New Delhi,India,180622.0
20,Emily,,Female,,Bangalore,India,69740.0
74,Charlotte,26.10.1950,Male,,New Delhi,India,
75,Lawrence,1.3.1949,,,,India,400230.0
21,Joe,17.3.2003,Female,,Mumbai,India,829952.0
58,Arthur,7.5.1966,Male,,Bangalore,India,
,Kathryn,,Female,,New Delhi,India,809899.0
57,Christian,,Female,,,India,633345.0
65,Aaron,30.1.1959,Female,,,India,623867.0
22,Kenneth,21.6.2002,Female,,,India,450245.0
60,Rachel,5.2.1964,Male,,Mumbai,India,451865.0
19,Deborah,26.12.2005,Male,,Bangalore,India,983239.0
75,Anna,12.2.1949,Male,,Mumbai,India,755050.0
17,Bobby,7.5.2007,,,,India,
75,Martha,6.12.1949,Male,,New Delhi,India,292155.0
14,Victoria,,,,,India,544673.0
33,Joyce,2.10.1991,Female,,,India,663525.0
50,Timothy,2.5.1974,,,Bangalore,India,218263.0
73,Bryan,19.6.1951,Male,,,India,681631.0
22,Megan,30.10.2002,Male,,,India,170297.0
47,Doris,17.10.1977,Female,,Bangalore,India,557854.0
,Donna,,Female,,,India,12779.0
49,Sophia,30.3.1975,Male,,Mumbai,India,528563.0
22,Jerry,2.4.2002,Female,,Bangalore,India,226126.0
22,Bryan,25.2.2002,Male,,,India,3517.0
41,Stephen,18.8.1983,Male,,Bangalore,India,244277.0
51,Ryan,27.6.1973,Female,,Mumbai,India,309505.0
8,Denise,,Male,,Bangalore,India,
45,Stephanie,29.3.1979,Female,,,India,3352.0
23,Paul,1.4.2001,Male,,,India,811263.0
5,Willie,8.6.2019,Male,,,India,250124.0
40,Amanda,2.9.1984,,,New Delhi,India,755184.0
58,Betty,23.6.1966,Female,,New Delhi,India,179757.0
60,Joe,14.2.1964,,,Bangalore,India,689053.0
37,Henry,,Female,,Mumbai,India,959131.0
29,Carl,12.5.1995,Male,,New Delhi,India,870307.0
36,Juan,6.3.1988,Male,,,India,859196.0
25,Charles,27.8.1999,,,Bangalore,India,133534.0
37,Evelyn,,Female,,,India,135755.0
17,Diana,20.11.2007,Male,,,India,130741.0
31,Kayla,,Female,,,India,873673.0
51,Kevin,7.11.1973,Male,,New Delhi,India,267133.0
48,Ethan,,Female,,,India,723486.0
69,John,,Female,,New Delhi,India,766572.0
,Janice,,Female,,,India,631180.0
14,Pamela,9.10.2010,Female,,Bangalore,India,575886.0
31,Stephen,13.12.1993,Male,,,India,25831.0
54,Dorothy,1.12.1970,,,,India,345295.0
33,Edward,10.5.1991,,,,India,
28,Albert,24.5.1996,Female,,Bangalore,India,460462.0
23,Virginia,15.9.2001,Male,,Bangalore,India,575336.0
45,Jeremy,6.6.1979,Female,,New Delhi,India,804062.0
30,Charlotte,22.10.1994,Female,,Mumbai,India,537979.0
29,Danielle,13.4.1995,Female,,Bangalore,India,382454.0
49,Kimberly,11.5.1975,Male,,Bangalore,India,56761.0
21,Janice,21.4.2003,Male,,,India,188549.0
57,Bobby,7.10.1967,Male,,Bangalore,India,388445.0
55,Scott,,Male,,Bangalore,India,786665.0
,Scott,,,,,India,619929.0
75,Abigail,2.7.1949,Male,,Bangalore,India,579901.0
66,Steven,12.11.1958,Female,,,India,966714.0
25,Barbara,4.10.1999,Female,,New Delhi,India,
57,Thomas,4.3.1967,,,Bangalore,India,423465.0
17,Gloria,17.10.2007,Female,,Bangalore,India,500813.0
52,Ashley,24.1.1972,,,Bangalore,India,236588.0
61,Cheryl,21.11.1963,Female,,Mumbai,India,
69,David,20.2.1955,Male,,Bangalore,India,62353.0
58,Rachel,4.1.1966,Female,,,India,392091.0
33,Adam,13.1.1991,Female,,New Delhi,India,535914.0
45,Lori,2.9.1979,Female,,Bangalore,India,836522.0
54,Dylan,7.7.1970,Male,,,India,159622.0
61,Arthur,27.6.1963,Female,,Mumbai,India,530268.0
42,Teresa,10.8.1982,Female,,Bangalore,India,
56,Ashley,7.10.1968,Male,,Bangalore,India,6352.0
50,Aaron,,Male,,Mumbai,India,545010.0
32,Amber,18.2.1992,,,Bangalore,India,862222.0
28,Tyler,,Female,,,India,204877.0
75,Adam,11.11.1949,Male,,,India,
65,Nicholas,5.9.1959,Female,,New Delhi,India,
31,Gary,8.8.1993,Male,,,India,697900.0
37,Brandon,27.5.1987,Female,,,India,125488.0
35,Kenneth,25.8.1989,Female,,Bangalore,India,671199.0
56,Julie,25.12.1968,Male,,New Delhi,India,398825.0
69,Joan,6.4.1955,Male,,Mumbai,India,168391.0
14,Jacob,22.6.2010,Female,,,India,529442.0
43,Judy,20.10.1981,Female,,Bangalore,India,432609.0
32,Charles,4.4.1992,,,Mumbai,India,118545.0
22,Ashley,21.9.2002,Male,,Mumbai,India,801462.0
45,Raymond,,Male,,,India,316235.0
31,Linda,29.9.1993,Female,,New Delhi,India,
10,Jeremy,5.1.2014,,,,India,213807.0
10,Roger,,Female,,New Delhi,India,630488.0
32,John,26.7.1992,Male,,,India,411191.0
,Ethan,,Male,,,India,15312.0
39,Joshua,22.6.1985,Male,,Mumbai,India,645117.0
20,Nicholas,,Male,,New Delhi,India,788431.0
45,Christine,12.9.1979,,,New Delhi,India,128249.0
,Samuel,,,,,India,647413.0
12,Deborah,22.2.2012,Female,,Bangalore,India,822202.0
30,Daniel,1.2.1994,Female,,,India,182323.0
36,Michael,27.6.1988,Female,,,India,373152.0
35,Diane,19.3.1989,Female,,,India,
50,Sandra,8.9.1974,Male,,,India,452231.0
55,Jose,6.7.1969,Female,,,India,
48,Dennis,,Male,,,India,98075.0
19,Walter,11.11.2005,Female,,,India,244146.0
18,Evelyn,7.12.2006,Female,,Mumbai,India,473070.0
35,Sophia,8.5.1989,Female,,,India,925391.0
14,Keith,23.10.2010,Male,,Bangalore,India,11341.0
18,Amanda,,,,Bangalore,India,345706.0
,Deborah,,Female,,,India,405438.0
39,Judy,20.11.1985,Female,,Mumbai,India,731197.0
24,Janet,28.7.2000,Female,,,India,437875.0
40,Jeremy,23.10.1984,Female,,Mumbai,India,342255.0
32,Arthur,,,,New Delhi,India,38775.0
41,Kathleen,12.9.1983,,,Bangalore,India,972503.0
,Philip,,Female,,,India,309039.0
6,Andrew,17.12.2018,Female,,New Delhi,India,366914.0
61,Bruce,,Male,,New Delhi,India,692915.0
57,Michelle,1.5.1967,Male,,Mumbai,India,166986.0
27,Kyle,,Male,,New Delhi,India,586311.0
72,Edward,17.4.1952,,,New Delhi,India,199781.0
53,Shirley,15.2.1971,Male,,,India,945205.0
35,Abigail,,Female,,,India,420295.0
32,Brenda,,Male,,New Delhi,India,684466.0
67,George,10.5.1957,,,Mumbai,India,147839.0
58,Nathan,,Male,,,India,775710.0
,Douglas,,Female,,Mumbai,India,367060.0
71,Ronald,23.2.1953,Male,,,India,78427.0
30,Jonathan,4.12.1994,Male,,,India,261930.0
69,Hannah,6.9.1955,Female,,,India,
8,Charles,,,,,India,808123.0
36,Nicole,19.2.1988,,,New Delhi,India,486497.0
36,Deborah,25.6.1988,Male,,,India,923465.0
18,Charlotte,29.4.2006,Male,,,India,7582.0
,Heather,,Female,,,India,622227.0
32,Lori,,Female,,Mumbai,India,655403.0
7,Juan,3.1.2017,Female,,,India,479241.0
18,Helen,18.11.2006,,,Mumbai,India,797009.0
27,Christopher,9.1.1997,Female,,New Delhi,India,209101.0
50,Amber,22.9.1974,Female,,New Delhi,India,682522.0
18,Randy,27.3.2006,,,Bangalore,India,227238.0
23,Pamela,17.1.2001,,,Bangalore,India,367414.0
,Gerald,,,,Bangalore,India,211733.0
40,Charlotte,,Female,,Bangalore,India,832911.0
67,James,19.1.1957,Female,,Mumbai,India,114293.0
47,Martha,25.5.1977,Female,,Mumbai,India,645289.0
,Kevin,,Female,,,India,915544.0
14,Nathan,,Male,,Bangalore,India,649282.0
13,Christopher,25.6.2011,Female,,Mumbai,India,802836.0
20,Alexander,,Male,,Mumbai,India,627383.0
71,Judith,7.12.1953,Female,,Bangalore,India,187189.0
26,Lauren,2.10.1998,Male,,Mumbai,India,427785.0
,Julia,,,,Bangalore,India,
43,Angela,16.5.1981,Female,,Bangalore,India,502955.0
9,Jerry,12.9.2015,Female,,New Delhi,India,518092.0
9,Denise,,,,Bangalore,India,733199.0
43,Logan,9.6.1981,Male,,Bangalore,India,271385.0
30,Marie,5.2.1994,Female,,Bangalore,India,717891.0
25,Alan,7.2.1999,Female,,Bangalore,India,975903.0
30,Debra,2.6.1994,Female,,,India,620959.0
,Barbara,,Female,,Mumbai,India,103024.0
6,Jesse,6.7.2018,Female,,,India,181278.0
66,Anna,4.1.1958,Female,,Mumbai,India,132317.0
60,Joseph,22.6.1964,,,,India,594553.0
,Theresa,,Male,,,India,555021.0
34,Wayne,,Male,,,India,533556.0
38,Pamela,27.9.1986,Female,,,India,367563.0
73,Jesse,23.7.1951,Female,,,India,742181.0
6,David,4.1.2018,,,Mumbai,India,469522.0
61,Madison,27.3.1963,Female,,New Delhi,India,
60,Diane,16.5.1964,,,,India,622705.0
47,Jean,,Female,,New Delhi,India,493415.0
58,Amber,7.11.1966,Male,,Bangalore,India,785101.0
36,Helen,16.9.1988,Female,,,India,441109.0
60,Teresa,2.1.1964,Female,,New Delhi,India,694986.0
34,Keith,2.7.1990,Female,,New Delhi,India,517493.0
19,Jesse,27.4.2005,,,,India,679473.0
52,Adam,,Male,,Mumbai,India,316768.0
55,Jessica,17.4.1969,Female,,New Delhi,India,114331.0
42,Amber,17.6.1982,,,,India,639062.0
9,Teresa,6.9.2015,Male,,,India,391430.0
59,Charlotte,6.3.1965,Male,,New Delhi,India,514287.0
27,Philip,1.1.1997,Male,,,India,14970.0
,Stephen,,,,Bangalore,India,
,Danielle,,Male,,,India,556978.0
49,Sean,24.5.1975,Female,,Mumbai,India,337254.0
13,Elijah,12.4.2011,Female,,Bangalore,India,531105.0
66,Charlotte,17.7.1958,Female,,,India,569522.0
63,Catherine,8.10.1961,,,,India,
13,Ashley,9.7.2011,Male,,,India,487180.0
23,Theresa,,Female,,Mumbai,India,673999.0
29,Raymond,8.3.1995,Male,,Mumbai,India,610585.0
35,Elizabeth,19.5.1989,,,Mumbai,India,531734.0
41,Joshua,19.1.1983,Male,,,India,976711.0
63,Sean,4.7.1961,Male,,Mumbai,India,993109.0
56,Alice,6.8.1968,Male,,,India,457658.0
18,Roger,,Female,,,India,195131.0
54,Karen,10.6.1970,Female,,Mumbai,India,543929.0
54,Jeffrey,16.8.1970,,,,India,538497.0
,Janet,,Female,,,India,
42,Stephen,18.2.1982,Male,,,India,597418.0
33,Julia,28.5.1991,Female,,Bangalore,India,499485.0
19,David,,,,New Delhi,India,329104.0
75,Joe,14.6.1949,Female,,New Delhi,India,888180.0
8,Gerald,28.9.2016,,,Mumbai,India,917529.0
16,Emma,25.6.2008,Female,,New Delhi,India,103227.0
22,Catherine,20.11.2002,Female,,,India,839266.0
,Jessica,,Female,,,India,182245.0
,Donald,,,,New Delhi,India,768078.0
10,Peter,,Female,,,India,498673.0
,Billy,,Female,,Bangalore,India,
5,Alexander,,,,Mumbai,India,81707.0
28,Michelle,10.4.1996,Female,,Mumbai,India,196931.0
34,Nathan,3.2.1990,Female,,,India,419752.0
,Diane,,Female,,New Delhi,India,944215.0
57,Jerry,22.2.1967,Female,,,India,791858.0
70,Alexander,30.3.1954,Female,,,India,
74,Evelyn,15.6.1950,Male,,,India,835206.0
31,Jennifer,,,,Mumbai,India,
29,Samuel,,Female,,New Delhi,India,452015.0
23,Doris,,Male,,,India,835413.0
24,Katherine,11.8.2000,Female,,Mumbai,India,912714.0
,Grace,,Female,,Bangalore,India,610144.0
63,Richard,20.11.1961,Male,,Bangalore,India,772240.0
65,Kathryn,15.1.1959,Male,,Bangalore,India,553466.0
19,Kelly,23.3.2005,,,,India,407932.0
18,Alexander,19.1.2006,Female,,Bangalore,India,117765.0
11,Teresa,27.11.2013,Male,,,India,106216.0
33,Betty,21.10.1991,Female,,Bangalore,India,899644.0
52,Albert,,Male,,Mumbai,India,375498.0
21,Stephanie,5.4.2003,Female,,Bangalore,India,400276.0
61,Donna,4.2.1963,Female,,,India,925153.0
38,Cynthia,,,,,India,79115.0
42,William,,,,Bangalore,India,
67,Marie,29.1.1957,Female,,,India,577817.0
19,Brian,,Male,,New Delhi,India,817446.0
43,Beverly,,Female,,,India,162565.0
75,Frank,26.2.1949,Male,,,India,63128.0
56,Betty,10.12.1968,Male,,,India,377797.0
19,Rebecca,22.3.2005,Male,,Mumbai,India,171100.0
,Kathleen,,Female,,,India,829593.0
40,Debra,,,,,India,566100.0
8,Joshua,,Female,,Mumbai,India,270883.0
45,Noah,2.7.1979,,,,India,946772.0
,Philip,,Female,,,India,550286.0
63,Nicole,12.9.1961,Female,,,India,292369.0
12,Gregory,20.1.2012,Female,,,India,176703.0
57,Arthur,,Male,,,India,542608.0
32,Rebecca,23.3.1992,Female,,Bangalore,India,970493.0
5,Emma,,,,Mumbai,India,100020.0
27,Stephanie,10.3.1997,,,New Delhi,India,172829.0
57,Katherine,13.11.1967,Male,,,India,669434.0
10,Jose,9.7.2014,Male,,,India,704646.0
46,Wayne,10.6.1978,Female,,Bangalore,India,715318.0
29,Sean,23.3.1995,Male,,Mumbai,India,987066.0
36,Patricia,,Male,,Bangalore,India,971082.0
30,Brandon,13.2.1994,Male,,Mumbai,India,69780.0
56,Jack,9.4.1968,Male,,Mumbai,India,
36,Natalie,15.1.1988,,,,India,595271.0
55,Elizabeth,,Male,,Mumbai,India,317111.0
48,Gary,,Male,,,India,392162.0
41,Bryan,,Male,,,India,20890.0
60,Christopher,17.9.1964,Male,,,India,402861.0
36,Arthur,11.10.1988,,,Mumbai,India,903019.0
50,Brian,5.11.1974,Female,,Bangalore,India,500481.0
51,Jennifer,23.6.1973,Female,,,India,220516.0
51,Donna,28.9.1973,Male,,Mumbai,India,940876.0
5,Jonathan,1.9.2019,Female,,New Delhi,India,785967.0
62,Julia,9.10.1962,Male,,New Delhi,India,762613.0
33,Austin,14.5.1991,Male,,New Delhi,India,116588.0
24,Katherine,,Male,,,India,524205.0
22,Betty,23.4.2002,Female,,,India,958632.0
49,Heather,,Female,,,India,613039.0
57,Benjamin,14.8.1967,,,,India,984918.0
49,Gerald,22.12.1975,,,,India,570464.0
52,Barbara,2.2.1972,,,,India,659049.0
,Walter,,Male,,Mumbai,India,102633.0
64,Megan,29.8.1960,Female,,Mumbai,India,698936.0
57,Sharon,21.3.1967,Female,,New Delhi,India,414094.0
12,Gerald,,,,Mumbai,India,986632.0
12,Alexander,15.2.2012,,,Mumbai,India,159438.0
22,Carl,27.6.2002,Female,,Bangalore,India,539056.0
5,Jordan,20.6.2019,Female,,New Delhi,India,971693.0
33,Jose,25.3.1991,Female,,Bangalore,India,
75,Olivia,13.1.1949,Female,,,India,759008.0
5,Ryan,23.6.2019,Female,,,India,959096.0
38,Emma,17.1.1986,Male,,New Delhi,India,690425.0
53,Russell,1.9.1971,Female,,,India,42733.0
61,Gabriel,2.7.1963,Male,,,India,109404.0
,Teresa,,,,,India,318338.0
68,Amy,10.6.1956,Female,,Bangalore,India,932590.0
44,Pamela,,Male,,Mumbai,India,802216.0
24,William,26.5.2000,Male,,New Delhi,India,390712.0
75,Robert,9.9.1949,Female,,New Delhi,India,740513.0
12,Dennis,13.7.2012,,,New Delhi,India,
64,Jonathan,,Female,,Bangalore,India,359649.0
,Dennis,,,,New Delhi,India,632912.0
,Emily,,Female,,Mumbai,India,187235.0
44,Anthony,3.8.1980,Male,,Bangalore,India,676176.0
45,Danielle,17.11.1979,Male,,,India,230437.0
46,Alexis,4.7.1978,Female,,,India,312660.0
7,Gary,15.10.2017,,,New Delhi,India,93282.0
,Patricia,,Female,,,India,226813.0
19,Douglas,6.12.2005,Male,,Bangalore,India,151135.0
56,Marilyn,23.4.1968,Male,,Bangalore,India,997082.0
65,Margaret,11.2.1959,Male,,Bangalore,India,556289.0
,Hannah,,Male,,,India,475302.0
74,Gary,27.8.1950,Female,,,India,289523.0
36,Brian,28.1.1988,Female,,,India,
56,Lisa,,Male,,Bangalore,India,690778.0
,Bryan,,Female,,New Delhi,India,608480.0
43,Melissa,1.10.1981,Male,,Bangalore,India,166163.0
29,Anthony,,Male,,New Delhi,India,
15,Willie,,Male,,Mumbai,India,123903.0
59,Roy,27.3.1965,,,New Delhi,India,812285.0
,Albert,,Female,,,India,88230.0
27,Joe,15.5.1997,Male,,Mumbai,India,964540.0
40,Kyle,12.9.1984,Male,,Mumbai,India,748052.0
,Mary,,Male,,Bangalore,India,450556.0
16,Andrew,25.3.2008,Female,,,India,696719.0
68,Ann,,Male,,,India,453280.0
,Grace,,Male,,New Delhi,India,451918.0
37,Walter,,Male,,Bangalore,India,201580.0
12,Steven,26.10.2012,Female,,,India,
36,Vincent,26.12.1988,,,,India,331218.0
,Kelly,,Female,,,India,842793.0
23,Amber,29.2.2001,Female,,New Delhi,India,885660.0
30,Christine,23.6.1994,Female,,Bangalore,India,671899.0
66,Rachel,,,,New Delhi,India,771079.0
58,Theresa,3.10.1966,Female,,New Delhi,India,366951.0
74,Alan,16.5.1950,,,Mumbai,India,719261.0
32,Lori,,,,,India,128978.0
70,Ryan,2.12.1954,Male,,Bangalore,India,
28,Mary,21.3.1996,,,,India,56951.0
70,Marie,5.10.1954,,,Mumbai,India,80071.0
,Jean,,Female,,Bangalore,India,225771.0
,Teresa,,Female,,Bangalore,India,234410.0
8,Aaron,23.3.2016,,,Bangalore,India,966300.0
67,Doris,,Female,,,India,92248.0
49,Harold,,Female,,,India,718411.0
,James,,Female,,Mumbai,India,869292.0
12,Isabella,13.7.2012,Male,,Bangalore,India,464352.0
51,Timothy,12.10.1973,,,,India,121976.0
8,Julia,9.9.2016,Female,,,India,441678.0
42,Diane,8.7.1982,Female,,Bangalore,India,60138.0
,Andrea,,Female,,New Delhi,India,862756.0
17,Jack,4.11.2007,Female,,,India,531644.0
36,Jack,29.11.1988,Female,,Mumbai,India,144599.0
36,Jesse,4.12.1988,Female,,Bangalore,India,646232.0
14,Beverly,28.4.2010,Female,,Bangalore,India,800907.0
51,Carolyn,26.12.1973,Male,,Mumbai,India,476868.0
18,Sandra,23.10.2006,Female,,Mumbai,India,750576.0
43,Scott,6.12.1981,Female,,Bangalore,India,161185.0
14,Jacqueline,21.3.2010,Female,,,India,856158.0
45,Katherine,30.3.1979,,,,India,
60,Richard,2.9.1964,Female,,Mumbai,India,62420.0
14,Timothy,10.2.2010,Female,,Mumbai,India,144155.0
68,Sean,,Male,,,India,981028.0
56,Janice,21.2.1968,Female,,Mumbai,India,589545.0
62,Samantha,10.9.1962,Female,,Bangalore,India,30331.0
8,Mary,12.11.2016,Female,,,India,541779.0
11,Dennis,28.6.2013,Female,,New Delhi,India,
74,Martha,25.10.1950,Male,,Bangalore,India,941951.0
64,Cheryl,2.1.1960,Male,,Bangalore,India,123321.0
24,Nancy,9.4.2000,Female,,,India,9936.0
19,Catherine,29.12.2005,,,Bangalore,India,337613.0
69,Jeffrey,2.10.1955,,,New Delhi,India,605541.0
25,Cynthia,4.11.1999,Female,,New Delhi,India,51377.0
33,Frank,4.10.1991,Female,,,India,
74,Anthony,29.11.1950,,,,India,739632.0
11,Ruth,18.7.2013,,,New Delhi,India,638651.0
11,David,18.4.2013,,,Bangalore,India,816408.0
35,Deborah,3.6.1989,Female,,Mumbai,India,300853.0
17,Donna,10.11.2007,Male,,Mumbai,India,465681.0
50,Beverly,24.4.1974,Female,,,France,
68,Emily,28.3.1956,Female,,,France,206987.0
34,Kathleen,24.1.1990,Female,,Paris,France,119208.0
32,Jessica,23.8.1992,Female,,Marseille,France,120320.0
21,Brittany,23.7.2003,Female,,,France,992655.0
61,Eric,,Female,,Paris,France,30083.0
24,Jordan,24.4.2000,,,Paris,France,
51,Frances,2.8.1973,Female,,Lyon,France,99040.0
,Virginia,,Male,,Marseille,France,231359.0
44,Emily,6.7.1980,Male,,Lyon,France,
54,Ethan,19.6.1970,Female,,Paris,France,222095.0
15,Zachary,7.2.2009,Male,,,France,254617.0
,Marilyn,,,,,France,911114.0
48,Sarah,,,,Lyon,France,941527.0
22,Jonathan,,,,,France,631148.0
,Ethan,,Male,,Paris,France,558719.0
40,Albert,24.5.1984,Male,,,France,328442.0
59,Emily,23.3.1965,Female,,Lyon,France,702420.0
29,Sarah,30.9.1995,,,Marseille,France,537102.0
27,Thomas,,,,,France,552562.0
11,Barbara,,Male,,Marseille,France,919282.0
64,Grace,,Female,,,France,709516.0
7,Ashley,,,,,France,307354.0
61,Charlotte,18.8.1963,Male,,,France,841121.0
37,Juan,26.10.1987,Male,,Lyon,France,87696.0
61,Susan,6.5.1963,Male,,Lyon,France,968301.0
12,Jacqueline,27.11.2012,Male,,Marseille,France,639003.0
72,Cynthia,15.8.1952,Female,,Marseille,France,457893.0
19,Kevin,12.10.2005,Male,,Paris,France,21131.0
,Ryan,,Male,,,France,
,Judy,,Male,,Marseille,France,739182.0
11,Peter,8.7.2013,Male,,Lyon,France,693832.0
65,Mason,3.1.1959,,,Marseille,France,157451.0
59,Bryan,19.7.1965,Male,,,France,260905.0
14,Jason,,,,,France,849051.0
22,Rachel,13.8.2002,Male,,Marseille,France,503941.0
,Patricia,,Female,,Marseille,France,
42,Charles,13.8.1982,Male,,Paris,France,666665.0
24,Dorothy,15.1.2000,,,,France,154099.0
71,Gary,,Female,,Paris,France,482347.0
56,Joseph,29.10.1968,Female,,Marseille,France,886179.0
23,Maria,20.5.2001,,,Lyon,France,141609.0
9,Justin,10.4.2015,Male,,Paris,France,
,Benjamin,,Female,,,France,435600.0
,Judy,,,,Lyon,France,371147.0
45,Frank,12.2.1979,Male,,Lyon,France,685633.0
53,Joyce,18.9.1971,,,Marseille,France,761668.0
42,Nancy,30.8.1982,Female,,Lyon,France,775529.0
57,Ann,29.7.1967,Male,,Lyon,France,
72,David,23.9.1952,Male,,,France,414850.0
10,Robert,30.8.2014,Male,,Marseille,France,87224.0
51,Walter,13.9.1973,,,Lyon,France,850578.0
36,Richard,4.8.1988,,,Marseille,France,734693.0
39,Natalie,,Male,,Paris,France,818583.0
17,Willie,21.1.2007,Male,,Paris,France,392879.0
71,Dylan,15.11.1953,Male,,,France,
43,Michelle,13.7.1981,Male,,Marseille,France,554707.0
43,Tyler,19.11.1981,Female,,Paris,France,719299.0
8,Benjamin,12.11.2016,,,Lyon,France,690074.0
23,Robert,7.12.2001,,,Marseille,France,93346.0
22,Andrew,,Male,,,France,136809.0
55,Nancy,26.6.1969,Female,,,France,
35,Matthew,,Female,,Lyon,France,504320.0
,Thomas,,Female,,,France,70397.0
48,Doris,16.6.1976,Male,,,France,27176.0
53,Carol,29.11.1971,,,Marseille,France,891816.0
21,Christina,8.1.2003,Male,,,France,482098.0
45,Alexander,,Female,,,France,900535.0
,Doris,,Female,,Lyon,France,346464.0
,Jose,,Female,,Lyon,France,853808.0
,Douglas,,,,Paris,France,172077.0
58,Christina,3.5.1966,,,Lyon,France,696820.0
64,Jose,,,,Paris,France,383214.0
61,Jonathan,12.7.1963,Female,,Paris,France,802303.0
8,Andrea,13.1.2016,Female,,,France,300483.0
69,Randy,14.5.1955,Female,,Lyon,France,679188.0
11,Walter,,Male,,Paris,France,614005.0
28,Zachary,11.11.1996,Female,,Marseille,France,763013.0
9,Patrick,1.7.2015,Male,,Marseille,France,77202.0
74,Lawrence,24.12.1950,Female,,,France,
,Mary,,Male,,Paris,France,304306.0
68,Alan,,Female,,,France,525550.0
32,Martha,,Female,,Lyon,France,943562.0
51,Anna,8.11.1973,,,,France,661997.0
20,Anna,23.8.2004,Female,,,France,823328.0
51,Natalie,17.2.1973,Female,,,France,678482.0
75,Roy,5.9.1949,Female,,Paris,France,
51,Jessica,23.8.1973,,,Lyon,France,305555.0
47,Harold,24.2.1977,Male,,,France,474970.0
21,George,22.3.2003,,,,France,198679.0
43,Harold,20.4.1981,,,Paris,France,478278.0
56,Carolyn,3.1.1968,,,Paris,France,381871.0
22,Charles,12.12.2002,,,Marseille,France,845924.0
26,Debra,,Female,,Lyon,France,890794.0
23,Adam,25.11.2001,Female,,,France,20262.0
54,Albert,,,,Lyon,France,407840.0
59,Emily,,Female,,Lyon,France,738020.0
11,Jacob,,Female,,Lyon,France,408686.0
,Kenneth,,Female,,,France,58462.0
26,Cheryl,3.11.1998,Female,,,France,789917.0
,Kathryn,,Male,,Marseille,France,972428.0
,Mary,,Female,,,France,643093.0
,Douglas,,Male,,Marseille,France,112179.0
6,Sarah,28.10.2018,Female,,,France,998826.0
18,Gabriel,24.11.2006,Male,,Paris,France,439740.0
57,Robert,18.2.1967,Female,,,France,8740.0
70,David,,Male,,Marseille,France,719711.0
30,Marilyn,24.11.1994,Female,,Lyon,France,
75,Nicole,25.10.1949,Male,,Lyon,France,199300.0
28,Willie,28.7.1996,Male,,Paris,France,604135.0
34,Jeremy,19.6.1990,Male,,Marseille,France,834949.0
11,Carol,11.6.2013,,,,France,984881.0
32,Brenda,9.10.1992,,,,France,441699.0
13,Raymond,17.9.2011,Male,,Paris,France,373225.0
11,Michael,3.12.2013,Female,,Lyon,France,602539.0
,Keith,,Male,,,France,427425.0
27,Natalie,2.2.1997,Male,,,France,
30,William,,,,,France,402093.0
10,Alexander,30.3.2014,Female,,,France,74857.0
32,Kathryn,6.8.1992,,,Paris,France,698344.0
43,Gary,14.10.1981,Male,,Marseille,France,527997.0
71,Nicole,19.6.1953,Female,,Marseille,France,
73,Melissa,1.1.1951,,,Marseille,France,823918.0
40,Julia,1.2.1984,Male,,,France,13329.0
66,Victoria,13.7.1958,Female,,Paris,France,727979.0
29,Laura,6.5.1995,Female,,Lyon,France,813389.0
29,Keith,24.10.1995,Male,,,France,375278.0
59,Christine,2.12.1965,Female,,Paris,France,560387.0
,Jessica,,Female,,Paris,France,192177.0
44,Dorothy,,,,Lyon,France,21814.0
67,Andrea,1.1.1957,,,Paris,France,809796.0
13,Matthew,,Female,,,France,42125.0
,Cheryl,,Male,,Paris,France,568361.0
,Kevin,,Female,,,France,531504.0
49,Nancy,2.8.1975,Female,,Marseille,France,210670.0
31,Carl,,,,Marseille,France,213616.0
,Megan,,Female,,,France,706570.0
10,Elijah,25.8.2014,Male,,Paris,France,130966.0
,Barbara,,,,,France,
54,Michael,28.11.1970,Female,,Paris,France,509463.0
63,Arthur,21.12.1961,Female,,,France,26269.0
35,Joseph,,Male,,Paris,France,708073.0
,Richard,,Female,,Paris,France,732980.0
75,Ashley,,Female,,,France,610618.0
7,Abigail,11.11.2017,Male,,Marseille,France,171281.0
59,Natalie,10.2.1965,Female,,Paris,France,31479.0
36,Jose,22.1.1988,Male,,Paris,France,790792.0
50,Beverly,,Female,,Paris,France,474397.0
20,Heather,1.8.2004,,,Marseille,France,63203.0
,Megan,,,,Lyon,France,398825.0
10,Nathan,7.4.2014,Male,,Lyon,France,930537.0
9,Alan,22.5.2015,Female,,Marseille,France,299262.0
71,Ashley,28.5.1953,Male,,Paris,France,380949.0
,Vincent,,Female,,Paris,France,
28,Bryan,9.4.1996,Male,,,France,848888.0
,Marie,,Male,,,France,640346.0
55,Edward,7.4.1969,Male,,Marseille,France,976932.0
27,Michael,8.4.1997,,,Marseille,France,78115.0
62,Joseph,14.11.1962,Female,,,Australia,887843.0
59,Helen,,,,Sydney,Australia,
16,Olivia,24.7.2008,,,,Australia,66062.0
5,Paul,29.6.2019,Female,,Sydney,Australia,741878.0
15,Christina,27.7.2009,Female,,Melbourne,Australia,265497.0
32,Gary,11.1.1992,,,,Australia,432770.0
28,Carolyn,24.12.1996,Male,,Brisbane,Australia,189840.0
61,Wayne,15.10.1963,Male,,Brisbane,Australia,353073.0
30,Julia,20.1.1994,Male,,,Australia,
36,Isabella,,Male,,,Australia,
61,Dylan,20.1.1963,Female,,,Australia,78715.0
24,Lori,11.7.2000,Female,,,Australia,812233.0
25,Logan,9.12.1999,Female,,Melbourne,Australia,435559.0
7,Kenneth,6.4.2017,Female,,Brisbane,Australia,566860.0
,Philip,,Male,,Melbourne,Australia,788254.0
63,Grace,21.11.1961,Female,,Brisbane,Australia,943650.0
52,Patrick,28.1.1972,Male,,,Australia,187714.0
,Dylan,,Female,,Brisbane,Australia,20747.0
7,Diana,21.3.2017,Female,,,Australia,
70,Jose,30.2.1954,Male,,Brisbane,Australia,990637.0
27,Alice,4.6.1997,Female,,Sydney,Australia,889062.0
37,Douglas,20.4.1987,,,Melbourne,Australia,
74,Ethan,16.3.1950,Female,,Sydney,Australia,264511.0
,Jeremy,,,,Brisbane,Australia,756339.0
53,Thomas,6.12.1971,,,,Australia,671973.0
18,Daniel,,Male,,Sydney,Australia,738598.0
27,Julie,,Female,,,Australia,25033.0
47,Beverly,1.10.1977,Male,,,Australia,734349.0
58,Bruce,13.3.1966,Male,,,Australia,525666.0
65,Brandon,5.11.1959,,,Melbourne,Australia,891815.0
5,Deborah,28.1.2019,Female,,Sydney,Australia,392434.0
,Terry,,Male,,Brisbane,Australia,641339.0
,Kimberly,,Female,,Melbourne,Australia,611127.0
57,Bradley,14.1.1967,Female,,Sydney,Australia,427055.0
71,Nathan,15.9.1953,Male,,Brisbane,Australia,240400.0
29,Dorothy,,,,Brisbane,Australia,867869.0
,Joseph,,Male,,,Australia,537541.0
50,William,,Female,,Brisbane,Australia,
7,David,1.1.2017,Female,,,Australia,21662.0
53,Diane,,Female,,,Australia,841538.0
69,Lori,25.5.1955,Female,,Brisbane,Australia,171896.0
9,Thomas,22.9.2015,Female,,,Australia,409023.0
,Marie,,,,Brisbane,Australia,707311.0
65,Alan,14.10.1959,Male,,,Australia,179.0
58,Nancy,,Female,,Sydney,Australia,965162.0
37,Kenneth,24.12.1987,Female,,,Australia,978254.0
60,Elijah,5.6.1964,Male,,Melbourne,Australia,513585.0
45,Kimberly,18.9.1979,Male,,Melbourne,Australia,284669.0
70,Paul,9.1.1954,Male,,Sydney,Australia,195247.0
57,Cheryl,,Female,,,Australia,715209.0
40,Frank,5.2.1984,Male,,Melbourne,Australia,30376.0
38,Samuel,24.8.1986,Female,,,Australia,821133.0
69,Keith,14.9.1955,Female,,Melbourne,Australia,628939.0
23,David,14.6.2001,Male,,,Australia,29808.0
43,Natalie,,Female,,,Australia,769489.0
72,Adam,,Male,,,Australia,824170.0
67,Amanda,26.12.1957,Female,,Melbourne,Australia,801146.0
50,Peter,,,,Brisbane,Australia,
,Aaron,,Female,,,Australia,755522.0
31,Carol,29.11.1993,Female,,Sydney,Australia,317713.0
47,Gregory,13.3.1977,,,,Australia,866562.0
46,Evelyn,,Female,,Brisbane,Australia,933159.0
,Alexander,,,,,Australia,42715.0
21,Helen,12.12.2003,Female,,Sydney,Australia,45533.0
,Alexander,,Female,,Melbourne,Australia,251475.0
21,Christine,13.9.2003,Male,,Brisbane,Australia,323876.0
30,Bradley,18.7.1994,Female,,Brisbane,Australia,254999.0
46,Brenda,23.2.1978,Male,,Sydney,Australia,742862.0
58,Kenneth,21.10.1966,,,,Australia,534369.0
64,Raymond,,Female,,,Australia,960963.0
24,Samuel,21.5.2000,Male,,Melbourne,Australia,
56,Roger,25.4.1968,Male,,Sydney,Australia,20522.0
5,Ethan,,Female,,Sydney,Australia,533322.0
22,Nicholas,4.2.2002,Male,,Sydney,Australia,
72,Donna,4.7.1952,Female,,,Australia,7940.0
,Willie,,,,,Australia,380252.0
54,Sandra,,Female,,,Australia,
38,Albert,2.5.1986,Male,,Melbourne,Australia,378953.0
70,Susan,10.7.1954,Female,,Brisbane,Australia,582196.0
69,Christina,1.3.1955,Female,,Melbourne,Australia,435254.0
54,Charles,11.2.1970,Male,,Melbourne,Australia,195705.0
27,John,26.8.1997,,,Brisbane,Australia,
50,Matthew,2.7.1974,Female,,,Australia,168777.0
35,Olivia,,Female,,,Australia,861837.0
60,Emily,18.6.1964,Male,,Brisbane,Australia,619423.0
31,Dylan,,Male,,,Australia,995467.0
28,Grace,6.9.1996,Male,,Brisbane,Australia,646645.0
14,Donald,,Female,,,Australia,599627.0
32,Zachary,7.9.1992,Male,,Brisbane,Australia,491171.0
43,Sara,,,,Melbourne,Australia,993900.0
14,Jeffrey,28.2.2010,Male,,,Australia,239957.0
,Walter,,Male,,Sydney,Australia,
74,Matthew,17.7.1950,Male,,Brisbane,Australia,137833.0
8,Jack,7.11.2016,,,Melbourne,Australia,102952.0
50,Stephanie,18.9.1974,Female,,,Australia,172002.0
34,Ethan,30.2.1990,Female,,,Australia,56271.0
52,Sara,29.4.1972,Female,,Sydney,Australia,590741.0
32,Janet,20.11.1992,Male,,,Australia,807372.0
20,Diane,4.5.2004,Male,,Melbourne,Australia,821814.0
38,Willie,1.1.1986,,,Brisbane,Australia,372022.0
57,Margaret,8.1.1967,Female,,Brisbane,Australia,348167.0
52,Eric,29.6.1972,Female,,Sydney,Australia,342078.0
68,Amanda,,Female,,,Australia,342958.0
5,Carol,17.6.2019,,,,Australia,737307.0
10,Elizabeth,4.10.2014,Female,,Melbourne,Australia,48661.0
41,Paul,8.10.1983,,,,Australia,
68,Gary,30.9.1956,Female,,,Australia,206351.0
28,Marie,6.12.1996,Male,,,Australia,384702.0
18,Harold,,Male,,Melbourne,Australia,692392.0
10,Kenneth,20.2.2014,Male,,,Australia,706596.0
73,John,29.9.1951,Male,,Brisbane,Australia,779747.0
54,Jose,1.11.1970,Female,,Melbourne,Australia,465031.0
57,Cheryl,8.9.1967,Male,,Brisbane,Australia,131876.0
22,Jeffrey,28.5.2002,Female,,,Australia,113820.0
60,Arthur,3.2.1964,Female,,,Brazil,990560.0
43,Emily,,Male,,So Paulo,Brazil,483607.0
34,Noah,,Male,,So Paulo,Brazil,451542.0
7,Joshua,,Female,,So Paulo,Brazil,724102.0
29,Anna,2.7.1995,Female,,Braslia,Brazil,
18,Jeffrey,30.8.2006,,,So Paulo,Brazil,277015.0
68,David,19.8.1956,,,So Paulo,Brazil,998710.0
28,Gregory,6.11.1996,Female,,Braslia,Brazil,874404.0
26,Walter,27.10.1998,Female,,Braslia,Brazil,
48,Anthony,,Female,,Braslia,Brazil,693977.0
,Logan,,,,So Paulo,Brazil,257970.0
68,Linda,11.7.1956,Female,,So Paulo,Brazil,70533.0
,Lisa,,Male,,,Brazil,336637.0
47,Gabriel,5.7.1977,,,Braslia,Brazil,387526.0
23,Isabella,18.5.2001,Male,,So Paulo,Brazil,690910.0
66,Betty,9.1.1958,Male,,Braslia,Brazil,372001.0
55,Frances,19.12.1969,Female,,Rio de Janeiro,Brazil,175551.0
70,Russell,,Female,,,Brazil,706106.0
9,William,,Female,,,Brazil,174966.0
37,Scott,13.1.1987,,,Braslia,Brazil,318226.0
63,Katherine,,Female,,,Brazil,177231.0
15,Austin,27.6.2009,Female,,,Brazil,323796.0
43,Bryan,22.7.1981,Male,,,Brazil,456993.0
62,Dylan,,,,Braslia,Brazil,347621.0
26,Carl,10.9.1998,Male,,Braslia,Brazil,871909.0
58,Samantha,,,,Rio de Janeiro,Brazil,814357.0
43,Kelly,17.2.1981,,,Rio de Janeiro,Brazil,859505.0
16,Juan,,Female,,So Paulo,Brazil,
,Nicholas,,Female,,,Brazil,798161.0
73,Christina,9.7.1951,Female,,Rio de Janeiro,Brazil,705540.0
73,Emily,,,,Rio de Janeiro,Brazil,298752.0
55,Bruce,,Female,,,Brazil,534008.0
36,Brandon,3.12.1988,Male,,,Brazil,
15,Donna,,Male,,So Paulo,Brazil,494686.0
55,Joe,24.11.1969,Female,,Rio de Janeiro,Brazil,478330.0
7,Kelly,,Female,,,Brazil,74245.0
30,Samantha,22.11.1994,Male,,,Brazil,988189.0
57,Jesse,,Male,,Braslia,Brazil,4977.0
33,Lauren,28.3.1991,Male,,Rio de Janeiro,Brazil,93306.0
54,Sean,29.10.1970,Female,,So Paulo,Brazil,948732.0
12,Jerry,13.1.2012,Female,,Rio de Janeiro,Brazil,824912.0
21,Charles,15.5.2003,Male,,Braslia,Brazil,146274.0
15,Frank,28.6.2009,Male,,Braslia,Brazil,153654.0
,Noah,,Male,,Braslia,Brazil,719504.0
35,Charles,,Female,,,Brazil,920432.0
42,Benjamin,9.12.1982,Male,,Rio de Janeiro,Brazil,890327.0
38,Betty,16.10.1986,Male,,Rio de Janeiro,Brazil,67671.0
,Samantha,,Female,,So Paulo,Brazil,347907.0
47,Daniel,17.11.1977,,,,Brazil,748058.0
18,Willie,14.10.2006,Male,,Braslia,Brazil,926666.0
68,Laura,17.8.1956,Male,,,Brazil,17726.0
34,Logan,14.3.1990,Male,,Braslia,Brazil,
64,Juan,,Male,,,Brazil,
38,Samuel,25.1.1986,Female,,Braslia,Brazil,493329.0
73,Ralph,,Male,,Braslia,Brazil,5695.0
59,Christina,22.11.1965,,,,Brazil,588254.0
42,Heather,,Female,,Rio de Janeiro,Brazil,472665.0
61,Aaron,30.10.1963,Female,,Rio de Janeiro,Brazil,
59,Walter,1.7.1965,Female,,So Paulo,Brazil,
58,Logan,17.6.1966,Male,,Braslia,Brazil,739123.0
37,Lawrence,26.7.1987,,,,Brazil,169657.0
66,Kevin,29.10.1958,Female,,Braslia,Brazil,836753.0
51,Nicholas,30.8.1973,Female,,Rio de Janeiro,Brazil,540353.0
20,Brenda,5.10.2004,Male,,,Brazil,652457.0
,Gloria,,Male,,,Brazil,99157.0
,Jesse,,Female,,,Brazil,685012.0
39,Jean,8.11.1985,Female,,,Brazil,970330.0
32,Elijah,27.3.1992,Male,,So Paulo,Brazil,
59,Stephanie,3.12.1965,,,,Brazil,720486.0
6,Debra,29.11.2018,Female,,So Paulo,Brazil,180160.0
58,Judith,17.1.1966,,,Rio de Janeiro,Brazil,409934.0
38,Theresa,20.3.1986,Male,,Braslia,Brazil,455622.0
64,Jordan,16.4.1960,,,So Paulo,Brazil,257754.0
50,Frances,7.8.1974,Female,,Braslia,Brazil,858912.0
8,Paul,11.5.2016,Female,,,Brazil,646398.0
58,Marie,29.3.1966,Male,,Rio de Janeiro,Brazil,897223.0
37,Willie,19.7.1987,Male,,So Paulo,Brazil,126817.0
43,Natalie,,Female,,,Brazil,125592.0
,Aaron,,Male,,,Brazil,459675.0
69,Timothy,10.7.1955,Female,,Rio de Janeiro,Brazil,540450.0
45,Elijah,24.9.1979,Female,,,Brazil,586032.0
50,Steven,,Female,,,Brazil,85659.0
58,Bryan,7.10.1966,Female,,,Brazil,268125.0
,Denise,,Female,,Rio de Janeiro,Brazil,570137.0
47,Megan,10.8.1977,Male,,,Brazil,437534.0
71,Bradley,1.3.1953,Female,,So Paulo,Brazil,321828.0
72,Charles,1.5.1952,Female,,,Brazil,379369.0
61,Richard,29.1.1963,Male,,,Brazil,456460.0
71,Catherine,23.12.1953,Male,,Braslia,Brazil,490581.0
75,Sophia,12.9.1949,,,Rio de Janeiro,Brazil,840774.0
63,Steven,4.10.1961,Male,,So Paulo,Brazil,49358.0
42,Rebecca,1.2.1982,Female,,,Brazil,843669.0
36,Catherine,6.12.1988,Male,,So Paulo,Brazil,182557.0
57,Frank,24.9.1967,Female,,Braslia,Brazil,
,Brittany,,Female,,Rio de Janeiro,Brazil,555604.0
18,Julia,30.7.2006,Male,,So Paulo,Brazil,638605.0
17,Dennis,5.8.2007,Female,,,Brazil,397653.0
35,Arthur,,Female,,So Paulo,Brazil,605955.0
17,Vincent,4.2.2007,,,Braslia,Brazil,405838.0
29,Dylan,,Male,,,Brazil,792374.0
75,Eric,29.10.1949,Female,,,Brazil,7888.0
48,Jessica,27.6.1976,Male,,Braslia,Brazil,350300.0
43,Charlotte,25.5.1981,Male,,,Brazil,594568.0
74,Raymond,20.8.1950,,,So Paulo,Brazil,870730.0
55,William,10.11.1969,Female,,,Brazil,829583.0
69,Megan,21.1.1955,,,,Brazil,417385.0
55,Natalie,,Female,,Braslia,Brazil,858730.0
38,Charles,9.9.1986,Male,,Braslia,Brazil,
19,Eugene,12.10.2005,Male,,Rio de Janeiro,Brazil,535550.0
,Brittany,,Male,,,Brazil,654519.0
56,Betty,19.7.1968,Male,,So Paulo,Brazil,585701.0
,Eric,,Female,,So Paulo,Brazil,
51,Ethan,17.12.1973,Female,,,Brazil,280445.0
37,Kathleen,14.6.1987,Female,,,Brazil,923666.0
69,Ann,30.4.1955,Female,,,Brazil,541627.0
32,Carolyn,,Female,,,Brazil,
59,Ryan,9.6.1965,Female,,Braslia,Brazil,171570.0
,Kayla,,Male,,,Brazil,314400.0
20,Katherine,6.4.2004,,,So Paulo,Brazil,52244.0
18,Benjamin,20.12.2006,Female,,,Brazil,472792.0
,Stephen,,Male,,Braslia,Brazil,615105.0
61,Donald,12.8.1963,Male,,,Brazil,559991.0
36,Raymond,10.4.1988,Male,,,Brazil,726606.0
43,Jordan,24.11.1981,Female,,Braslia,Brazil,812806.0
57,Douglas,22.4.1967,,,,Brazil,281369.0
29,Ethan,4.5.1995,Female,,Rio de Janeiro,Brazil,288270.0
,Martha,,,,Braslia,Brazil,511476.0
16,Brenda,29.4.2008,,,Rio de Janeiro,Brazil,523757.0
,Peter,,Male,,,Brazil,61456.0
35,Willie,,Male,,,Brazil,684859.0
57,Dylan,4.6.1967,Female,,,Brazil,242645.0
47,Andrew,,,,Braslia,Brazil,857078.0
,Martha,,Female,,So Paulo,Brazil,759706.0
38,Abigail,20.2.1986,,,So Paulo,Brazil,
52,Gloria,13.8.1972,Female,,,Brazil,837324.0
59,Nathan,17.11.1965,Male,,So Paulo,Brazil,785446.0
,Randy,,Female,,So Paulo,Brazil,
58,Jonathan,6.2.1966,Female,,Braslia,Brazil,673629.0
50,Brandon,5.11.1974,Female,,,Brazil,837972.0
47,Alice,,,,Braslia,Brazil,105680.0
52,Anthony,15.12.1972,Male,,Braslia,Brazil,528436.0
22,Deborah,28.8.2002,Female,,,Brazil,578200.0
68,Jack,,Female,,,Brazil,910201.0
36,Victoria,,Male,,Braslia,Brazil,973177.0
73,Alexis,10.2.1951,Male,,Rio de Janeiro,Brazil,502905.0
,Gerald,,Female,,,Brazil,548675.0
9,Nancy,17.3.2015,Female,,So Paulo,Brazil,252989.0
29,Olivia,13.9.1995,Male,,So Paulo,Brazil,258308.0
25,Robert,,,,Rio de Janeiro,Brazil,707640.0
32,Randy,30.6.1992,Female,,,Brazil,302538.0
21,Charles,2.3.2003,Male,,Rio de Janeiro,Brazil,96026.0
52,Matthew,15.4.1972,Female,,,Brazil,548719.0
75,Walter,20.10.1949,Female,,Rio de Janeiro,Brazil,226914.0
15,Martha,16.12.2009,,,,Brazil,648491.0
60,Jacqueline,18.2.1964,Female,,So Paulo,Brazil,384999.0
54,Jean,6.5.1970,Male,,,Brazil,349571.0
,Nicholas,,Female,,So Paulo,Brazil,233776.0
48,Harold,29.8.1976,Male,,So Paulo,Brazil,
6,Robert,1.5.2018,,,,Brazil,775253.0
43,Patricia,6.11.1981,Female,,So Paulo,Brazil,734731.0
14,Janet,29.10.2010,Male,,So Paulo,Brazil,186638.0
53,Jerry,8.6.1971,Male,,,Brazil,28317.0
68,Gregory,22.8.1956,Male,,,Brazil,633537.0
55,Jacqueline,19.7.1969,Female,,So Paulo,Brazil,631492.0
59,Robert,,Female,,So Paulo,Brazil,148128.0
33,Gregory,30.10.1991,Female,,Braslia,Brazil,532511.0
74,Anthony,,,,,Brazil,373162.0
43,Joe,5.8.1981,Male,,Braslia,Brazil,328669.0
57,Noah,30.2.1967,Male,,Braslia,Brazil,875550.0
29,Melissa,29.12.1995,Male,,,Brazil,861983.0
64,Theresa,,Female,,So Paulo,Brazil,
52,Benjamin,29.4.1972,Male,,,Brazil,684247.0
45,Hannah,,Male,,Rio de Janeiro,Brazil,538259.0
13,Marie,18.1.2011,,,,Brazil,300380.0
6,Beverly,,,,,Brazil,301734.0
38,Donald,6.1.1986,Female,,Rio de Janeiro,Brazil,486256.0
65,Jordan,28.8.1959,,,Braslia,Brazil,658606.0
39,Sophia,24.12.1985,,,,Brazil,160144.0
,Rebecca,,Male,,,Brazil,596904.0
5,Elijah,,Male,,Braslia,Brazil,335226.0
23,Joshua,22.9.2001,,,,Brazil,962632.0
49,Jose,1.6.1975,,,Braslia,Brazil,233401.0
19,Jeffrey,24.6.2005,Male,,So Paulo,Brazil,580069.0
59,Rebecca,,Male,,,Brazil,273558.0
32,Kathleen,14.8.1992,Male,,Braslia,Brazil,463150.0
15,Eric,9.5.2009,,,So Paulo,Brazil,434847.0
,Kenneth,,Male,,,Brazil,748845.0
,Jason,,,,So Paulo,Brazil,718823.0
50,Austin,28.10.1974,Male,,Rio de Janeiro,Brazil,357131.0
,Aaron,,Female,,Rio de Janeiro,Brazil,359468.0
35,Samantha,3.3.1989,Female,,Rio de Janeiro,Brazil,
66,Roger,28.2.1958,,,,Brazil,680730.0
56,Rebecca,10.11.1968,,,So Paulo,Brazil,559317.0
10,Nicholas,1.3.2014,Male,,So Paulo,Brazil,36643.0
31,William,13.7.1993,,,,Brazil,684911.0
69,Christian,23.6.1955,Male,,,Brazil,680711.0
54,Roger,1.5.1970,Female,,Rio de Janeiro,Brazil,821388.0
74,Robert,3.9.1950,Female,,,Brazil,636380.0
49,Sara,,Female,,,Brazil,602880.0
11,Donald,9.1.2013,Female,,,Brazil,782685.0
17,Susan,18.5.2007,Female,,,Brazil,850071.0
,Sara,,Female,,Braslia,Brazil,541820.0
42,Christina,28.7.1982,,,Braslia,Brazil,951353.0
,Joshua,,Male,,Rio de Janeiro,Brazil,996921.0
41,Karen,18.3.1983,Male,,,Brazil,715797.0
37,Donna,25.2.1987,Male,,Braslia,Brazil,106331.0
48,Bradley,30.12.1976,Male,,,Brazil,821238.0
25,Randy,13.11.1999,Female,,So Paulo,Brazil,47875.0
11,Angela,25.12.2013,Female,,Braslia,Brazil,409634.0
20,Larry,23.7.2004,,,Rio de Janeiro,Brazil,273234.0
,Joe,,Male,,,Brazil,957959.0
64,Danielle,,Male,,Rio de Janeiro,Brazil,796994.0
50,Joan,28.11.1974,Female,,Braslia,Brazil,383627.0
45,Julia,11.10.1979,,,,Brazil,143143.0
50,Nathan,18.7.1974,Female,,So Paulo,Brazil,754972.0
,Bobby,,,,Rio de Janeiro,Brazil,
72,Hannah,8.10.1952,Female,,So Paulo,Brazil,595248.0
11,Mary,17.11.2013,Male,,Rio de Janeiro,Brazil,221411.0
37,Betty,3.1.1987,Female,,,Italy,605202.0
24,Jacob,25.7.2000,Female,,Rome,Italy,691411.0
31,William,,Male,,,Italy,363252.0
,Ethan,,,,,Italy,597231.0
63,Michelle,22.5.1961,Male,,,Italy,351106.0
,Douglas,,Male,,,Italy,719272.0
38,Anthony,22.2.1986,Male,,Naples,Italy,
71,Vincent,7.9.1953,Male,,,Italy,965715.0
,Emma,,Male,,Rome,Italy,67471.0
60,Dylan,18.11.1964,Male,,Naples,Italy,101381.0
16,Christine,22.7.2008,Male,,Naples,Italy,602657.0
51,Sarah,15.6.1973,Female,,Milan,Italy,387685.0
46,Donald,19.3.1978,Male,,,Italy,821685.0
6,Steven,15.5.2018,Female,,Rome,Italy,90193.0
,Larry,,Female,,Milan,Italy,954193.0
9,Carol,12.12.2015,Female,,,Italy,
45,David,4.7.1979,Female,,Milan,Italy,214507.0
62,Juan,3.4.1962,,,Milan,Italy,869030.0
28,Amber,,Female,,Rome,Italy,88113.0
,Henry,,Female,,,Italy,825758.0
,Anthony,,Male,,,Italy,287638.0
9,Elizabeth,14.7.2015,Female,,,Italy,444605.0
23,John,24.1.2001,Female,,,Italy,526714.0
56,Mason,23.6.1968,Female,,Milan,Italy,40064.0
50,Charles,7.7.1974,Male,,,Italy,453791.0
5,Thomas,,Male,,,Italy,417902.0
28,Andrew,17.10.1996,Male,,Rome,Italy,248466.0
9,Evelyn,4.12.2015,Male,,Naples,Italy,413041.0
32,James,3.6.1992,Male,,Naples,Italy,689291.0
38,Lawrence,27.7.1986,Male,,,Italy,167195.0
38,Lori,9.3.1986,Male,,,Italy,591271.0
16,Raymond,14.12.2008,Male,,Rome,Italy,356582.0
22,Kimberly,9.11.2002,Male,,,Italy,765403.0
73,Logan,,Male,,,Italy,
18,Mark,19.2.2006,Male,,,Italy,960066.0
22,Emma,28.7.2002,Male,,,Italy,682257.0
14,Maria,7.9.2010,Female,,Milan,Italy,
31,Rebecca,16.5.1993,Female,,,Italy,919855.0
12,Richard,4.2.2012,Female,,Milan,Italy,
45,Katherine,18.5.1979,,,Naples,Italy,43911.0
11,Benjamin,16.3.2013,Male,,,Italy,501566.0
46,Samantha,,,,Milan,Italy,269955.0
50,Margaret,15.6.1974,Female,,,Italy,907158.0
31,Kathleen,26.11.1993,Female,,,Italy,393323.0
63,Cynthia,19.9.1961,Male,,,Italy,5447.0
55,Ralph,14.9.1969,Male,,Naples,Italy,52138.0
9,Gary,13.12.2015,Female,,,Italy,791046.0
45,Danielle,,Female,,,Italy,194535.0
58,Judy,5.6.1966,Male,,Naples,Italy,320545.0
59,Gary,,,,Milan,Italy,737495.0
43,Shirley,26.4.1981,Female,,Naples,Italy,946748.0
38,Patrick,5.6.1986,Female,,Rome,Italy,283447.0
65,Theresa,27.12.1959,Male,,Milan,Italy,630326.0
23,Alexis,14.9.2001,,,,Italy,728550.0
,Marie,,Female,,,Italy,
11,Christian,5.3.2013,Female,,Naples,Italy,175440.0
,Amber,,Female,,,Italy,104966.0
54,Jean,10.4.1970,Female,,,Italy,182832.0
53,Donna,26.3.1971,Male,,Milan,Italy,904759.0
41,Joe,22.6.1983,,,Rome,Italy,710812.0
,Teresa,,Female,,Naples,Italy,413616.0
29,Ashley,11.12.1995,Male,,,Italy,369243.0
31,Megan,,Female,,,Italy,
29,Ryan,13.12.1995,Female,,Naples,Italy,37442.0
30,Kimberly,1.6.1994,,,Rome,Italy,183651.0
56,Randy,15.10.1968,Female,,,Italy,752861.0
16,Carl,2.12.2008,Male,,Rome,Italy,43108.0
28,Terry,,Male,,Naples,Italy,
41,Marie,20.1.1983,Male,,Naples,Italy,335932.0
64,Joyce,,,,Milan,Italy,937178.0
62,Emma,10.12.1962,Male,,,Italy,208509.0
44,Juan,19.1.1980,Male,,,Italy,
17,George,12.12.2007,Female,,,Italy,650510.0
,Gerald,,Female,,Lisbon,Portugal,455971.0
74,Ethan,2.9.1950,Female,,,Portugal,411579.0
20,Joe,26.2.2004,,,Porto,Portugal,794995.0
72,Julie,,Female,,Porto,Portugal,11624.0
66,Thomas,3.12.1958,Male,,,Portugal,871585.0
15,Virginia,,Female,,Coimbra,Portugal,
58,Stephen,5.3.1966,Female,,Lisbon,Portugal,165473.0
10,Ryan,2.6.2014,,,,Portugal,732244.0
49,Elijah,5.1.1975,Female,,Porto,Portugal,832624.0
32,Sophia,17.9.1992,Male,,Coimbra,Portugal,653885.0
46,Sharon,20.4.1978,,,,Portugal,908440.0
40,Joan,29.10.1984,,,,Portugal,507018.0
,Sarah,,,,,Portugal,659102.0
69,Steven,11.9.1955,Male,,Coimbra,Portugal,865809.0
20,Christopher,,Male,,,Portugal,79100.0
16,Eric,13.7.2008,,,Porto,Portugal,
45,Virginia,,Female,,Coimbra,Portugal,851050.0
44,Jack,22.8.1980,Male,,Lisbon,Portugal,520596.0
44,Gabriel,15.9.1980,Male,,Coimbra,Portugal,844207.0
34,Harold,11.7.1990,Female,,Lisbon,Portugal,985008.0
55,Marie,5.9.1969,Male,,,Portugal,340516.0
48,Jack,6.11.1976,Female,,,Portugal,954804.0
68,Ryan,2.2.1956,,,,Portugal,105482.0
35,Paul,27.2.1989,Male,,,Portugal,591843.0
60,Vincent,,Male,,Lisbon,Portugal,942414.0
28,Matthew,25.8.1996,Female,,Lisbon,Portugal,306179.0
75,Gregory,28.8.1949,Male,,,Portugal,303647.0
65,Eugene,3.10.1959,Female,,,Portugal,11033.0
15,Barbara,,Male,,,Portugal,419355.0
51,Bobby,11.10.1973,Female,,Porto,Portugal,936737.0
67,Catherine,30.1.1957,Female,,,Portugal,494495.0
30,Karen,24.3.1994,,,Lisbon,Portugal,658354.0
10,Martha,17.2.2014,Female,,Lisbon,Portugal,345537.0
30,Susan,15.6.1994,Male,,Coimbra,Portugal,173320.0
,Vincent,,,,Coimbra,Portugal,908680.0
60,Kathryn,24.4.1964,Male,,Lisbon,Portugal,778502.0
63,Frances,25.5.1961,,,,Portugal,642356.0
25,Steven,,Female,,Coimbra,Portugal,105396.0
51,Gary,,Female,,,Portugal,618761.0
47,Janet,,Female,,,Portugal,913422.0
70,Judith,21.12.1954,Female,,Porto,Portugal,202593.0
46,Peter,8.5.1978,Male,,Porto,Portugal,
22,Helen,25.8.2002,Female,,,Portugal,832920.0
12,Ethan,6.4.2012,Female,,,Portugal,659013.0
70,Henry,,Male,,Porto,Portugal,351551.0
17,Kyle,7.9.2007,Male,,Coimbra,Portugal,931425.0
42,Diana,16.11.1982,Male,,Coimbra,Portugal,619665.0
42,William,25.6.1982,,,,Portugal,899995.0
23,Cynthia,7.5.2001,Female,,,Portugal,924030.0
,Virginia,,,,Coimbra,Portugal,392805.0
65,Sarah,14.2.1959,Female,,Porto,Portugal,958553.0
49,Diana,,Female,,,Portugal,792257.0
72,Philip,12.5.1952,Male,,Coimbra,Portugal,830223.0
,Bobby,,Male,,Lisbon,Portugal,297161.0
8,Jean,21.7.2016,Female,,Coimbra,Portugal,362198.0
70,William,26.12.1954,,,Coimbra,Portugal,
24,Janice,1.2.2000,Female,,,Portugal,439946.0
24,Martha,16.10.2000,Male,,,Portugal,831375.0
43,Carol,28.3.1981,Female,,Lisbon,Portugal,358713.0
9,Joan,26.12.2015,Female,,Porto,Portugal,98803.0
53,Jacqueline,26.8.1971,Female,,Coimbra,Portugal,448037.0
